id,full_name,phone_number,email,gender,address
1,Ariel Gildroy,284-978-0348,agildroy0@dagondesign.com,Female,
2,Andriana Grimster,586-144-3927,agrimster1@army.mil,Female,7196 Kinsman Junction
3,Eleanora Drioli,660-812-2624,,Male,4770 Maryland Center
4,Renaldo Claisse,359-267-8606,rclaisse3@cafepress.com,Male,8 Crownhardt Drive
5,Barbette Sallnow,920-443-9254,bsallnow4@mtv.com,Male,33999 Hanson Pass
6,Kristal Rooze,739-919-6438,krooze5@deliciousdays.com,Male,0608 Thompson Trail
7,Alex Delleschi,856-227-5349,adelleschi6@jigsy.com,Genderqueer,2259 7th Center
8,Eddy Tidey,890-442-5476,etidey7@taobao.com,Female,
9,Gare McElwee,680-603-1094,gmcelwee8@weebly.com,Agender,7099 Crownhardt Park
10,Birgit McDaid,161-105-5844,bmcdaid9@china.com.cn,Male,100 Hauk Pass
11,Jodi Clewlow,298-631-0714,jclewlowa@ftc.gov,Female,0655 Rutledge Place
12,Smitty Murra,524-909-5138,smurrab@constantcontact.com,Bigender,90 Duke Point
13,Georgetta Prover,689-633-3966,gproverc@twitpic.com,Female,195 Carberry Point
14,Erinna Tremblot,975-824-4203,etremblotd@paginegialle.it,Male,8912 Thierer Crossing
15,Felicity O' Hanvey,477-719-2235,foe@webs.com,Male,2779 Calypso Way
16,Del Itschakov,569-276-3317,ditschakovf@quantcast.com,Male,90 Bartelt Street
17,Randi Laurentino,921-473-4787,rlaurentinog@exblog.jp,Male,22017 Maywood Lane
18,Benjy Hillan,573-490-2728,bhillanh@youtube.com,Female,0696 Barby Plaza
19,Bertrand Worsnip,537-232-9838,bworsnipi@mapy.cz,Bigender,9 Toban Hill
20,Lyn Sancto,416-382-2535,lsanctoj@msu.edu,Female,0472 Russell Terrace
21,Dacy Seedhouse,360-265-3679,dseedhousek@wikimedia.org,Male,73 Hermina Drive
22,Raoul St Louis,705-667-0284,rstl@npr.org,Female,58 Sugar Circle
23,Lindsey Weitzel,407-110-2636,lweitzelm@dyndns.org,Female,684 Sycamore Court
24,Tremaine Cereceres,883-847-9499,tcereceresn@cocolog-nifty.com,Female,6923 Jenifer Hill
25,Lonnie Coulton,745-222-1966,lcoultono@house.gov,Female,461 Amoth Avenue
26,Madlen Hollingby,833-589-8128,,Male,6 Sutteridge Way
27,Margaretha Bernaert,795-228-3025,,Female,612 Pepper Wood Pass
28,Perry Drydale,545-612-6600,pdrydaler@tripadvisor.com,Female,1 Bonner Court
29,Stephana Brewer,708-815-1198,sbrewers@biglobe.ne.jp,Male,97 Meadow Vale Junction
30,Sig Gleader,604-551-4942,sgleadert@narod.ru,Male,5 Merrick Lane
31,Nissie Goldster,203-111-3453,ngoldsteru@hugedomains.com,Bigender,04817 Magdeline Parkway
32,Kurtis Zupa,751-530-4386,kzupav@youtu.be,Female,20 Grim Trail
33,Laurianne Rizon,976-675-9104,lrizonw@t-online.de,Female,55722 Huxley Terrace
34,Patin Caudelier,180-389-1539,pcaudelierx@biglobe.ne.jp,Male,8 Luster Place
35,Cynthea Spaunton,461-150-8781,cspauntony@constantcontact.com,Female,59354 School Terrace
36,Madelin Milham,302-413-1487,mmilhamz@nbcnews.com,Male,319 Stone Corner Center
37,Conn MacDowal,376-603-8292,cmacdowal10@answers.com,Male,3577 Lien Alley
38,Gerry Gopsell,296-577-8932,ggopsell11@unicef.org,Female,2194 Jana Parkway
39,Bibbie Foyle,205-406-6633,bfoyle12@ustream.tv,Male,0472 Monica Junction
40,Batholomew Lipsett,124-576-9382,blipsett13@geocities.jp,Male,294 Oriole Plaza
41,Anissa Argont,334-729-4979,aargont14@tuttocitta.it,Male,3719 Scott Court
42,Jenica Ellesworthe,348-769-3091,,Male,4628 Warrior Hill
43,Heloise Giacomucci,615-635-4761,hgiacomucci16@skyrock.com,Female,418 Commercial Point
44,Wit Gosnay,450-666-4002,wgosnay17@java.com,Female,88234 Holy Cross Park
45,Seamus Godbehere,334-670-4372,,Male,8 Declaration Point
46,Brok Meake,691-917-0507,bmeake19@theglobeandmail.com,Female,90251 Mendota Point
47,Nertie Dinning,320-686-0103,ndinning1a@google.es,Female,6232 Everett Pass
48,Pauli Hansman,968-601-5905,phansman1b@foxnews.com,Male,
49,Gustaf Ezzle,736-552-8831,gezzle1c@mit.edu,Male,170 Mccormick Court
50,Saw Jeratt,599-509-3158,sjeratt1d@friendfeed.com,Male,124 Bultman Road
51,Doyle Turneaux,473-529-5252,dturneaux1e@seattletimes.com,Male,5886 Luster Pass
52,Meir Esche,190-879-5960,mesche1f@dailymail.co.uk,Female,4 Starling Drive
53,Evered Chatain,291-906-4412,echatain1g@engadget.com,Male,4 Debra Junction
54,Yolande Martinson,756-753-1868,ymartinson1h@alexa.com,Female,9 Old Shore Trail
55,Olympe Barstowk,539-560-5376,obarstowk1i@163.com,Female,137 Garrison Avenue
56,Krystalle Pigram,598-116-7411,kpigram1j@wix.com,Male,73642 Carioca Street
57,Madalyn Pantling,106-691-5053,,Polygender,6521 Dayton Avenue
58,Bernita Warrener,520-258-0344,bwarrener1l@auda.org.au,Agender,36339 Namekagon Center
59,Brannon Sharrard,922-497-5016,bsharrard1m@instagram.com,Female,16591 Grasskamp Plaza
60,Jeffrey Etheridge,224-234-6407,jetheridge1n@mashable.com,Female,9260 Autumn Leaf Drive
61,Ange Parnall,906-536-6505,aparnall1o@google.com.br,Male,7826 1st Lane
62,Del Webburn,882-135-6947,,Female,4679 Warner Pass
63,Gussie Brickell,820-100-4646,,Female,025 Kingsford Plaza
64,Leeanne Gudde,967-244-9548,lgudde1r@va.gov,Male,06533 Bartillon Junction
65,Deloria Abramow,853-547-7100,dabramow1s@joomla.org,Female,28 Stephen Park
66,Amil Andreev,471-944-5530,aandreev1t@gov.uk,Female,13324 Bluestem Street
67,Sada Rudman,912-987-9666,srudman1u@webmd.com,Female,67018 Norway Maple Park
68,Vanni Pedlingham,744-467-0426,,Female,5 Kropf Alley
69,Lisle Davet,648-382-6981,,Male,921 Bay Plaza
70,Novelia Fellow,545-810-2695,nfellow1x@army.mil,Female,
71,Ardyth Kinig,638-323-0575,akinig1y@google.es,Female,9166 Towne Park
72,Hi Yearsley,504-485-0495,hyearsley1z@stanford.edu,Female,8784 Kings Pass
73,Sigfrid Beange,358-427-9404,,Female,3608 Bartillon Hill
74,Roxine Fenwick,232-414-0041,rfenwick21@hc360.com,Female,01014 Cordelia Crossing
75,Hallsy Rawsthorne,627-615-2000,hrawsthorne22@lycos.com,Male,9 Erie Point
76,Frederigo Peert,351-716-7917,,Male,
77,Joshia Holsey,824-192-6742,,Female,3 Steensland Crossing
78,Jerry Giraldon,189-476-8099,jgiraldon25@pagesperso-orange.fr,Female,1 Atwood Lane
79,Barbra Celle,242-715-0933,bcelle26@netlog.com,Female,8 Clemons Place
80,Hollyanne Kerbey,799-116-0194,,Male,5982 Clemons Terrace
81,Sidonia Solon,893-153-5452,ssolon28@google.co.jp,Female,82740 Manufacturers Drive
82,Mabel Slopier,215-980-5498,mslopier29@google.com,Male,93195 School Hill
83,Manny Lampert,864-859-8320,mlampert2a@merriam-webster.com,Female,36 Swallow Way
84,Rolland McSpirron,191-112-7352,rmcspirron2b@webs.com,Female,338 Vidon Street
85,Reiko Levings,615-395-0389,rlevings2c@wikia.com,Genderfluid,277 3rd Alley
86,Lyon Ganter,998-392-9855,lganter2d@free.fr,Male,70672 Carpenter Point
87,Stanford Emburey,933-627-0433,semburey2e@walmart.com,Female,86 Briar Crest Pass
88,Winni Cowdry,565-363-5871,wcowdry2f@jiathis.com,Male,99 Helena Terrace
89,Christy Peppin,478-847-0682,cpeppin2g@prweb.com,Male,1579 Kropf Avenue
90,Kirsten Hourihane,245-424-1748,khourihane2h@time.com,Male,169 American Road
91,Meredithe Cufflin,113-586-8758,mcufflin2i@virginia.edu,Female,845 Rusk Hill
92,Marcy Vinnick,947-182-4096,,Female,039 Manitowish Avenue
93,Noble Guyver,317-529-0259,nguyver2k@mit.edu,Female,871 Northfield Plaza
94,Kristen Osant,169-798-7629,kosant2l@merriam-webster.com,Male,413 Rowland Center
95,Aldus Wrench,138-114-5006,awrench2m@fotki.com,Male,327 Summit Way
96,Banky Freer,846-303-3613,bfreer2n@nature.com,Female,34902 Pond Alley
97,Zaria O'Bradane,813-146-4352,zobradane2o@vinaora.com,Female,7722 Macpherson Road
98,Ann Meakes,413-633-1779,ameakes2p@nytimes.com,Male,65778 Rigney Avenue
99,Clarinda Wallege,870-430-5171,cwallege2q@ning.com,Male,3 Melrose Place
100,Kay MacEvilly,634-629-1992,kmacevilly2r@amazon.co.jp,Male,37 American Ash Center
101,Eduardo Madsen,299-780-8430,emadsen2s@pagesperso-orange.fr,Female,
102,Addie Farncombe,801-363-3481,afarncombe2t@themeforest.net,Female,55 Park Meadow Point
103,Tarrah Berge,497-272-6574,tberge2u@oaic.gov.au,Female,807 Bunting Circle
104,Rutter Pentecust,882-360-8487,,Male,4 Lunder Crossing
105,Camey Speirs,889-507-8924,cspeirs2w@flickr.com,Male,6060 Darwin Pass
106,Natasha Clist,519-374-5665,nclist2x@pbs.org,Female,77708 Fordem Lane
107,Panchito Scyone,665-981-7662,pscyone2y@usgs.gov,Male,23142 Pleasure Trail
108,Imojean Alderson,264-964-2207,ialderson2z@newsvine.com,Male,6432 Anderson Street
109,Raphaela Gabbotts,939-763-5469,rgabbotts30@usnews.com,Female,50 Bluestem Lane
110,Chiquia Moan,428-572-4428,cmoan31@360.cn,Male,9 Bowman Crossing
111,Kristi Tranter,993-988-1478,ktranter32@unc.edu,Female,698 8th Trail
112,Giusto Orton,912-246-6690,gorton33@hao123.com,Male,89 Delaware Hill
113,Abigail Wollard,976-710-0030,awollard34@answers.com,Male,541 Vera Pass
114,Bryan Rottery,974-230-8262,brottery35@imdb.com,Female,15 Vidon Pass
115,Enrico Ollerearnshaw,814-183-8976,eollerearnshaw36@jigsy.com,Male,9721 Grasskamp Alley
116,Mirella Avramow,958-506-2454,mavramow37@nps.gov,Female,23684 Bartillon Crossing
117,Chandal Soans,983-526-7344,csoans38@meetup.com,Female,582 Mallory Junction
118,Sean Wayland,135-993-5389,swayland39@taobao.com,Female,9150 Crest Line Point
119,Chrystel Stoving,804-384-5669,cstoving3a@hhs.gov,Female,7975 Maryland Trail
120,Duff McVanamy,866-259-2210,dmcvanamy3b@census.gov,Male,01839 Oxford Crossing
121,Duky Thorndale,870-962-0028,dthorndale3c@scribd.com,Female,99438 Melody Crossing
122,Jere Bootherstone,415-730-8697,jbootherstone3d@mlb.com,Female,6044 Miller Parkway
123,Cole Fermer,281-565-3639,cfermer3e@japanpost.jp,,631 Hoard Park
124,Erskine Armsby,593-742-3434,earmsby3f@toplist.cz,Bigender,364 Melby Lane
125,Arri Harpin,151-756-9365,aharpin3g@nydailynews.com,Male,2211 Upham Park
126,Alisun Hadingham,969-812-3562,ahadingham3h@guardian.co.uk,Male,43 Maple Wood Center
127,Tawnya Klampk,806-632-7037,tklampk3i@latimes.com,Female,
128,Lauri Ruck,602-382-0674,lruck3j@hc360.com,Female,26147 Summer Ridge Street
129,Oberon Grigoire,489-659-6380,ogrigoire3k@psu.edu,Female,73 Knutson Way
130,Licha Bierman,642-452-8205,lbierman3l@constantcontact.com,Bigender,1 Tennessee Avenue
131,Louise Laird-Craig,853-255-5128,llairdcraig3m@latimes.com,Female,8940 Hermina Parkway
132,Fields Cust,847-845-6293,fcust3n@dedecms.com,Male,6 Grasskamp Park
133,Mervin Valencia,776-613-7294,mvalencia3o@ucoz.ru,Male,4 Northland Circle
134,Pepillo Ashbe,391-473-0206,pashbe3p@biglobe.ne.jp,Female,77804 American Terrace
135,Dalton Girardez,503-898-8382,dgirardez3q@slideshare.net,Male,0615 Hooker Trail
136,Sanders Hanratty,766-175-2667,shanratty3r@merriam-webster.com,Female,83756 Loomis Road
137,Marcelia McInteer,227-700-4834,,Male,3 Roxbury Place
138,Herschel Peirazzi,924-221-0336,hpeirazzi3t@bbc.co.uk,,88651 Bultman Point
139,Jdavie Hawkyens,852-700-2771,,,
140,Valaree Skouling,319-168-4583,vskouling3v@multiply.com,Male,493 Hoffman Place
141,Myrta Henrique,313-639-6313,,Female,95 Oriole Street
142,Wilburt Pentycost,272-356-4592,wpentycost3x@github.io,Male,69 Arapahoe Trail
143,Shellysheldon Collington,635-684-0840,scollington3y@ow.ly,Female,05 Nova Place
144,Micaela Cordery,679-752-0164,mcordery3z@vistaprint.com,Female,66 Northview Point
145,Codee Simonyi,976-934-8710,csimonyi40@sbwire.com,Male,2 Sunbrook Park
146,Griz Esterbrook,199-625-8849,gesterbrook41@answers.com,Female,87112 Forest Plaza
147,Yance Tassel,670-258-9741,ytassel42@salon.com,Agender,66 Eagle Crest Parkway
148,Beryl Gimert,875-572-4979,bgimert43@freewebs.com,Female,1352 Duke Plaza
149,Norina Landsberg,693-604-7968,nlandsberg44@nsw.gov.au,Female,9 Thompson Trail
150,Janeta Climer,254-499-4515,jclimer45@amazonaws.com,Male,16468 Brown Parkway
151,Carlo Capponer,586-368-2755,,Female,17484 Kingsford Place
152,Petronia Attle,332-710-8899,pattle47@gov.uk,Male,791 Farragut Alley
153,Innis Ferreira,912-820-6115,iferreira48@chron.com,Female,594 Lakewood Gardens Pass
154,Dylan O' Molan,915-722-5605,do49@fc2.com,Male,13859 Tennyson Park
155,Gipsy Gaskal,315-559-3338,ggaskal4a@ox.ac.uk,Bigender,05 Clarendon Avenue
156,Darwin McLagan,693-138-4182,dmclagan4b@github.com,Bigender,
157,Hussein Rable,643-781-3635,hrable4c@smh.com.au,Female,8 Lillian Drive
158,Marguerite Kolushev,679-922-3548,mkolushev4d@xinhuanet.com,Female,76153 Spenser Center
159,Moss Dunrige,130-649-9051,mdunrige4e@elegantthemes.com,Male,59 Ilene Circle
160,Clair Sinney,776-491-9934,csinney4f@abc.net.au,Male,5 John Wall Hill
161,Lina McKiernan,430-522-1043,lmckiernan4g@storify.com,Male,30 Lyons Lane
162,Lorant Jills,399-644-7975,ljills4h@google.de,Male,03 Eastwood Lane
163,Trumaine Tersay,364-649-3188,,Male,6 Caliangt Trail
164,Alleyn Tooting,787-640-0445,atooting4j@privacy.gov.au,Female,6 Buena Vista Terrace
165,Felice Pammenter,485-172-7496,fpammenter4k@jalbum.net,Male,9 Ohio Court
166,Moises Cellier,945-796-4061,mcellier4l@google.co.uk,Female,8 Oriole Lane
167,Kimbra Haward,436-517-0345,khaward4m@mayoclinic.com,Female,
168,Perkin Stiegars,647-542-3950,pstiegars4n@skype.com,Male,05806 Monica Avenue
169,Bessie Colombier,350-252-4270,bcolombier4o@friendfeed.com,Female,651 Corscot Circle
170,Goldia Aveyard,870-837-9854,gaveyard4p@ed.gov,Male,584 Dottie Street
171,Vannie Labon,235-379-1647,vlabon4q@amazon.co.jp,Bigender,97928 Tomscot Street
172,Keelby Braddock,918-862-6758,kbraddock4r@i2i.jp,Male,1289 Michigan Hill
173,Perice Reynault,577-993-0746,preynault4s@etsy.com,Male,1 Novick Point
174,Ron Yakovich,428-837-2349,ryakovich4t@who.int,Non-binary,9 Saint Paul Road
175,Justis Liff,528-709-6426,jliff4u@wunderground.com,Female,2 Kipling Circle
176,Nikaniki Skahill,228-304-3958,nskahill4v@nasa.gov,Male,4 Pearson Junction
177,Kiri Norcop,238-318-3027,,Male,85 Golden Leaf Avenue
178,Fidel Stansbury,961-564-7060,fstansbury4x@amazon.co.uk,Female,71449 Veith Hill
179,Colby Jackways,387-256-3252,cjackways4y@ifeng.com,Female,493 Moland Point
180,Hewitt MacGruer,750-368-7287,hmacgruer4z@bloglines.com,Female,27912 Melby Court
181,Shayne Sympson,722-405-2562,ssympson50@sitemeter.com,Male,93525 Anthes Hill
182,Randie Beastall,556-631-2245,rbeastall51@amazon.co.uk,Male,18485 Susan Parkway
183,Chip Fronek,183-248-7465,cfronek52@rambler.ru,Male,987 Pennsylvania Trail
184,Nero Goosnell,356-450-5781,ngoosnell53@ihg.com,Male,857 Spaight Parkway
185,Beatriz Tunnicliff,465-105-4519,btunnicliff54@opensource.org,Female,3428 Dunning Park
186,Ethelred Hellmer,611-229-2870,ehellmer55@ask.com,Female,
187,Arley Ceschi,868-626-0789,aceschi56@china.com.cn,Female,97 Stang Terrace
188,Dick Garshore,289-883-7860,dgarshore57@free.fr,Male,37827 Thompson Place
189,Lory Swire,933-224-1875,lswire58@soup.io,Female,
190,Angelico Philippard,510-893-1205,aphilippard59@hibu.com,Female,01 Dryden Road
191,Kalie Stodhart,978-249-5254,kstodhart5a@nhs.uk,Female,546 Sycamore Court
192,Leroi Troucher,689-896-9853,,Male,12275 Everett Parkway
193,Emanuel Kirley,929-630-4973,ekirley5c@squarespace.com,Female,78 Blaine Trail
194,Thibaut Driussi,566-290-2179,tdriussi5d@sphinn.com,Female,2 Anniversary Alley
195,Natty Wildt,418-155-7551,nwildt5e@google.it,,003 Shoshone Parkway
196,Yvette Gilbody,165-200-2799,ygilbody5f@google.nl,Male,328 Vahlen Drive
197,Pablo Wharmby,332-857-3805,pwharmby5g@ning.com,Genderfluid,538 Eastwood Parkway
198,Daryle Bann,741-257-5619,dbann5h@paginegialle.it,Female,0515 Calypso Street
199,Silva Snoding,891-890-5071,ssnoding5i@jalbum.net,Female,0 Pawling Park
200,Jake Holley,668-818-5279,jholley5j@hugedomains.com,Male,5 Gateway Park
201,Hunter Lapidus,536-592-3301,hlapidus5k@twitter.com,Male,201 Jana Way
202,Shela Linnemann,133-363-9840,slinnemann5l@list-manage.com,Male,9 Holy Cross Place
203,Kellia Lober,890-204-0918,klober5m@creativecommons.org,Male,067 Rockefeller Alley
204,Kennedy Gathercoal,379-447-5663,kgathercoal5n@goo.gl,Female,47167 Dennis Park
205,Clerc Staterfield,313-488-2179,cstaterfield5o@psu.edu,Male,5 Grasskamp Trail
206,Karil Kleinhandler,172-316-8552,kkleinhandler5p@squidoo.com,Male,33 Dunning Street
207,Patricia Solano,933-711-3404,psolano5q@wikispaces.com,Male,7 Shoshone Alley
208,Chevalier Gibbs,465-642-8419,cgibbs5r@zimbio.com,Male,6133 Southridge Plaza
209,Gray Bru,683-182-6991,gbru5s@harvard.edu,Male,18 Crowley Circle
210,Bryanty Cremer,615-737-3360,bcremer5t@opera.com,Female,268 Sugar Junction
211,Valentina Pigford,792-368-3269,vpigford5u@joomla.org,Female,233 Sommers Plaza
212,Hurley Baldwin,912-394-7560,hbaldwin5v@economist.com,Male,5225 Blue Bill Park Place
213,Doroteya Mordey,197-771-5708,dmordey5w@google.fr,Male,4221 Mallory Hill
214,Jone Kirkness,142-953-7402,jkirkness5x@vistaprint.com,Female,96 Upham Point
215,Romeo Birch,568-733-1259,rbirch5y@house.gov,Genderfluid,84110 Caliangt Drive
216,Amandy Minichillo,724-268-5915,aminichillo5z@prweb.com,Female,3 Anniversary Alley
217,Cosme Salzburger,432-442-7708,csalzburger60@biglobe.ne.jp,Male,4 3rd Way
218,Etta Pendlenton,887-649-8494,ependlenton61@de.vu,Female,0 Independence Trail
219,Field Cowx,736-782-1531,fcowx62@mlb.com,Male,05 Clarendon Terrace
220,Sharlene Innott,328-492-1914,sinnott63@ihg.com,Male,849 Saint Paul Alley
221,Dionis Schaumaker,661-451-9338,dschaumaker64@examiner.com,Female,74403 Comanche Drive
222,Zebulon Fernier,896-245-4953,zfernier65@phoca.cz,Female,41 Kipling Court
223,Eldin Cullen,265-582-7513,,Male,7 Sachtjen Circle
224,May Kemmish,122-183-7551,mkemmish67@surveymonkey.com,Male,6 Dennis Avenue
225,Kynthia O'Hollegan,825-625-0277,kohollegan68@is.gd,Female,2111 Sunbrook Point
226,Edith Royce,956-147-9157,eroyce69@google.cn,Male,2 Luster Terrace
227,Susanne Detoile,392-876-6560,sdetoile6a@liveinternet.ru,Female,
228,Dora Ranfield,588-990-1853,dranfield6b@tamu.edu,Female,36 Fair Oaks Parkway
229,Rafferty Mordacai,313-209-6964,rmordacai6c@google.it,,79728 Lunder Center
230,Andree Ceccoli,373-788-3387,aceccoli6d@adobe.com,Agender,51 Fairfield Road
231,Olag McGinnell,317-825-6013,omcginnell6e@dyndns.org,Female,6546 Duke Court
232,Winonah Fosse,749-415-3485,wfosse6f@seattletimes.com,Female,4 Schmedeman Trail
233,Toiboid Spoole,895-712-0116,tspoole6g@facebook.com,Male,52 Service Court
234,Lani Eccleshall,375-526-7613,leccleshall6h@indiegogo.com,Male,3732 Butternut Circle
235,Phyllys Toyne,828-482-9437,ptoyne6i@elpais.com,Female,678 Badeau Hill
236,Torrence Wilmington,499-989-8907,twilmington6j@wordpress.com,Female,530 Gerald Avenue
237,Cesaro Wellstead,963-595-9463,cwellstead6k@amazon.com,Female,41399 Anhalt Park
238,Robyn Hatrey,503-497-6427,rhatrey6l@hao123.com,Male,5 Straubel Hill
239,Timothy Keepe,570-333-4261,tkeepe6m@vk.com,Male,16 Buena Vista Pass
240,Adel Toomey,673-978-4925,,Female,564 Victoria Plaza
241,Ninetta Medway,680-699-2731,nmedway6o@eventbrite.com,Non-binary,22 Eliot Lane
242,Vanny Burberry,734-741-0108,vburberry6p@bigcartel.com,Female,40742 7th Road
243,Melba Cokayne,635-653-6493,mcokayne6q@bandcamp.com,Female,6919 Roth Road
244,Kaleena Vettore,249-857-0814,kvettore6r@yellowbook.com,Female,769 Fulton Street
245,Helenka Mallinder,512-945-6200,hmallinder6s@imageshack.us,Male,706 Jenna Way
246,Amy Mithun,630-691-6470,amithun6t@unesco.org,Male,9514 Daystar Plaza
247,Gabbie Corriea,457-502-6047,gcorriea6u@bbb.org,Female,36 Hooker Point
248,Betsy Wayvill,493-600-5405,bwayvill6v@examiner.com,,716 Corben Crossing
249,Basia Polkinghorne,270-653-7785,bpolkinghorne6w@latimes.com,Male,23 Reinke Alley
250,Becki Galpen,214-816-3820,bgalpen6x@furl.net,Male,1441 Bunker Hill Point
251,Ameline Foux,387-475-3707,afoux6y@bigcartel.com,Polygender,0179 Petterle Point
252,Martyn Batthew,471-583-2932,mbatthew6z@parallels.com,Male,8 Charing Cross Drive
253,Jephthah Hartburn,353-321-3405,jhartburn70@hubpages.com,Female,96 Cardinal Pass
254,Mariejeanne Muneely,339-454-7593,mmuneely71@examiner.com,Female,6 Thompson Court
255,Bathsheba Rosencwaig,936-565-6051,brosencwaig72@squarespace.com,,2 Bartillon Street
256,Clare Von Der Empten,642-527-8434,,Female,88 Veith Crossing
257,Jasmina Minear,344-270-8476,jminear74@phpbb.com,Male,6116 Hanover Place
258,Guillemette Salerno,610-948-9151,gsalerno75@cam.ac.uk,Male,51 Waywood Lane
259,Ranique Storms,351-374-4770,rstorms76@chronoengine.com,Female,83 Butternut Street
260,Alexis Kenefick,469-994-6563,akenefick77@eventbrite.com,Female,8440 Nobel Street
261,Sibby Cohrs,485-527-9469,scohrs78@spiegel.de,Female,48 Graedel Park
262,Chen Wasiel,657-417-4294,cwasiel79@examiner.com,Male,5 Vahlen Drive
263,Vera Bresman,331-607-7564,,Female,94379 Elka Place
264,Oliviero Brittlebank,141-693-7803,obrittlebank7b@unblog.fr,Male,0 Anhalt Junction
265,Abba Ffoulkes,632-524-3551,affoulkes7c@csmonitor.com,Bigender,32100 Crescent Oaks Pass
266,Joannes Chieco,342-449-6101,jchieco7d@is.gd,Male,6 Golf View Junction
267,Karole Feldstein,806-438-8149,kfeldstein7e@hhs.gov,Male,75674 Stoughton Place
268,Lezlie Steckings,648-875-8609,lsteckings7f@tamu.edu,Male,17 Dixon Parkway
269,Winne Boatswain,419-571-0855,wboatswain7g@washington.edu,Male,7 Clemons Avenue
270,Yoko Cadden,820-993-2794,ycadden7h@liveinternet.ru,Female,7090 Sunbrook Court
271,Marsiella Tompkin,990-915-1073,mtompkin7i@vkontakte.ru,Male,1751 Graedel Lane
272,Antoni Slyde,342-784-4537,aslyde7j@printfriendly.com,Female,5 Evergreen Court
273,Liana Lennard,668-243-7621,llennard7k@mlb.com,Male,638 Red Cloud Trail
274,Devi Ochterlony,399-349-7748,dochterlony7l@bloomberg.com,Male,5 Ridgeview Center
275,Kaiser McTaggart,622-792-3065,kmctaggart7m@goo.ne.jp,Female,68124 Fairview Road
276,Tobiah Russel,886-625-0666,,Female,90650 Union Way
277,Kane Seadon,115-612-8555,kseadon7o@mozilla.com,Male,557 Dahle Court
278,Si Ahrendsen,484-967-3180,sahrendsen7p@cdbaby.com,Male,913 High Crossing Junction
279,Avrit Jentgens,378-339-4740,ajentgens7q@youku.com,,716 Daystar Place
280,Hamilton Pryer,412-237-7149,hpryer7r@instagram.com,Female,285 Valley Edge Hill
281,Kennett Fitzpayn,854-673-5925,kfitzpayn7s@github.com,Male,9 7th Court
282,Alessandra Benez,589-784-4550,abenez7t@japanpost.jp,Male,2 Portage Alley
283,Roby Keson,477-718-3922,rkeson7u@arizona.edu,Female,44189 Iowa Parkway
284,Alanna Haighton,164-470-5678,ahaighton7v@comsenz.com,Male,
285,Ynez Szwarc,610-323-7466,yszwarc7w@house.gov,Female,6 Meadow Vale Point
286,Elyn Mozzi,922-981-6030,emozzi7x@privacy.gov.au,Female,758 Kingsford Point
287,Roshelle Garlett,407-883-1246,rgarlett7y@bloglines.com,Bigender,7047 Crescent Oaks Street
288,Kelby Spawforth,876-575-9929,kspawforth7z@is.gd,Female,5110 Riverside Parkway
289,Livvie Oland,352-922-1137,loland80@vimeo.com,Male,346 Eliot Terrace
290,Sherye Partner,610-850-4243,spartner81@prnewswire.com,Male,647 Veith Hill
291,Alexander D'eath,772-367-0516,adeath82@zdnet.com,Bigender,940 Gulseth Hill
292,Annelise Hyam,429-364-3450,ahyam83@mediafire.com,Male,9 Mandrake Center
293,Juliane Caldeyroux,798-869-9806,jcaldeyroux84@wordpress.com,Male,77 Ramsey Avenue
294,Kristine Francescuccio,107-745-0067,,Male,0 Surrey Circle
295,Minne Lenoir,820-195-3924,mlenoir86@delicious.com,Male,239 Eagle Crest Avenue
296,Winonah Eyton,643-430-4074,weyton87@photobucket.com,Female,91 Melody Alley
297,Nikolai Kerswell,545-411-6030,nkerswell88@seesaa.net,Male,31400 Hooker Place
298,Gustie Drohane,748-845-5578,gdrohane89@wordpress.org,Female,80755 Pierstorff Avenue
299,Hirsch Gilburt,102-120-0063,hgilburt8a@ft.com,Female,6008 Mockingbird Street
300,Adelice Whitby,789-825-9299,awhitby8b@patch.com,Female,526 Vera Crossing
301,Lenard Tummasutti,970-966-9161,ltummasutti8c@twitpic.com,Male,4430 Stuart Junction
302,Dana Tremellan,737-564-0501,dtremellan8d@whitehouse.gov,Female,118 Hermina Hill
303,Brunhilda McKea,197-709-6836,bmckea8e@spiegel.de,Female,68 Sycamore Junction
304,Lisabeth Feveryear,358-190-6661,lfeveryear8f@clickbank.net,Genderqueer,
305,Sollie Crittal,965-670-8246,scrittal8g@paypal.com,Female,94024 Menomonie Lane
306,Constancia Bracco,507-327-9077,cbracco8h@twitter.com,Female,93 Sutherland Terrace
307,Maddy Kerne,855-956-5865,mkerne8i@gmpg.org,Female,59 Hooker Place
308,Anthia Castanares,517-924-7505,acastanares8j@360.cn,Male,18 Messerschmidt Court
309,Korry Biaggioni,121-283-6350,,Non-binary,3167 Swallow Parkway
310,Freddie Hatherill,614-893-4926,fhatherill8l@blinklist.com,Female,5496 Corscot Drive
311,Horacio Ladley,467-593-1707,hladley8m@baidu.com,Male,5791 Columbus Hill
312,Margery Heimann,103-471-8931,mheimann8n@loc.gov,Male,0520 Thackeray Drive
313,Jacinta Shambroke,132-358-3466,jshambroke8o@google.co.jp,Female,0735 Summerview Drive
314,Demetra Wotton,644-201-5937,dwotton8p@samsung.com,Male,19 Springs Trail
315,Leoine Iiannone,366-858-2856,liiannone8q@spotify.com,Male,99 Mayfield Point
316,Gabie Ghio,636-482-4440,gghio8r@omniture.com,Male,9657 Evergreen Parkway
317,Aldo Milnes,345-757-0989,,Female,98622 Tomscot Pass
318,Jennee Limeburn,408-791-4306,jlimeburn8t@princeton.edu,Male,27931 Mallory Way
319,Matthaeus Lung,114-116-4121,mlung8u@flavors.me,Male,384 4th Place
320,Erina Besson,754-166-4507,ebesson8v@ted.com,Male,31143 Drewry Road
321,Grove Kalewe,394-515-0952,gkalewe8w@cloudflare.com,Female,20469 Scofield Avenue
322,Kassi Wille,629-331-0262,kwille8x@hexun.com,Male,9 Shelley Avenue
323,Morley Baldwin,410-198-7346,mbaldwin8y@wufoo.com,Female,73 Helena Road
324,Janeen Predohl,386-391-3516,jpredohl8z@paypal.com,Female,406 Oxford Center
325,Keeley MacQuaker,533-619-4036,kmacquaker90@va.gov,Male,06487 Farragut Point
326,Winnifred Jansky,126-846-6718,wjansky91@paypal.com,Male,1 Duke Circle
327,Hewe Jesson,978-495-0455,hjesson92@example.com,Male,0 3rd Trail
328,Milka Roscrigg,930-649-1043,mroscrigg93@bing.com,Male,33 Harper Junction
329,Glory Nottingam,526-943-1624,gnottingam94@taobao.com,Male,924 Rieder Park
330,Tedie Adamovitch,844-668-3138,tadamovitch95@admin.ch,Male,0 Sullivan Terrace
331,Lea Omand,924-654-6706,lomand96@infoseek.co.jp,Male,
332,Nikola Aimable,293-224-6491,naimable97@usgs.gov,Male,01 Fremont Road
333,Ashlee Zaple,359-613-0661,azaple98@google.cn,Male,9250 Butternut Trail
334,Ailbert Giacomo,645-192-2831,agiacomo99@flavors.me,Female,851 Pankratz Crossing
335,Jarrett Hegg,494-279-4819,jhegg9a@army.mil,Female,7333 Darwin Terrace
336,Fleming Bolstridge,440-422-1443,fbolstridge9b@accuweather.com,Female,3238 Lien Drive
337,Reidar Heaney,235-538-8025,rheaney9c@artisteer.com,Non-binary,08605 Utah Junction
338,Kamillah Bluett,216-638-4584,,Male,8342 Derek Junction
339,Jarrad Zarfai,387-869-0334,jzarfai9e@huffingtonpost.com,Male,3339 Buhler Junction
340,Norris Karby,118-326-6416,nkarby9f@cdbaby.com,Genderqueer,4786 Darwin Avenue
341,Eduardo Marzellano,330-226-0464,,Female,7 Bay Trail
342,Dynah Harford,923-666-7314,dharford9h@aboutads.info,Male,53 Golf Course Plaza
343,Blithe Greguol,896-387-5703,bgreguol9i@gravatar.com,Female,77 Banding Alley
344,Tova Sneden,260-325-4841,tsneden9j@godaddy.com,Male,458 Pearson Circle
345,Ailee MacGillicuddy,602-259-8369,amacgillicuddy9k@sphinn.com,Male,53 American Ash Road
346,Silas Burbudge,285-672-3753,,Female,56 Stone Corner Center
347,Sayers Clothier,841-691-0089,sclothier9m@jalbum.net,,3 Doe Crossing Terrace
348,Karlyn Washington,613-372-8635,kwashington9n@upenn.edu,Female,007 Old Gate Court
349,Emmerich Bereford,101-535-8655,ebereford9o@earthlink.net,,40804 Beilfuss Parkway
350,Eartha Decort,824-482-9630,edecort9p@nationalgeographic.com,Bigender,99 Division Hill
351,Ignatius Coade,183-323-3574,icoade9q@addtoany.com,Female,2 High Crossing Plaza
352,Guillema Henric,159-136-4015,ghenric9r@php.net,Female,59721 Kipling Hill
353,Jone Rennels,335-493-7907,jrennels9s@tiny.cc,Female,3 Clarendon Point
354,Bryna Creenan,623-179-9049,bcreenan9t@usa.gov,Male,04 Lyons Crossing
355,Ricky Baalham,812-125-5610,rbaalham9u@gizmodo.com,Female,7300 Scofield Park
356,Rochelle Kuhnel,303-659-6563,,Male,3 Forest Terrace
357,Jen Evans,148-275-0364,jevans9w@icq.com,Male,9 Hazelcrest Parkway
358,Federico McCutheon,179-505-4515,fmccutheon9x@dagondesign.com,,9 Coleman Pass
359,Paton Derrington,937-162-6811,,Female,68131 Moulton Plaza
360,Dalenna Sells,168-619-3736,dsells9z@ihg.com,Female,
361,Cordelia Higford,453-135-4624,chigforda0@odnoklassniki.ru,Male,56316 Spaight Hill
362,Sigismond Cranch,320-906-6422,scrancha1@altervista.org,,6 Hagan Plaza
363,Ellen Cowper,574-582-8211,ecowpera2@myspace.com,Female,312 Randy Lane
364,Sorcha Boater,659-529-0238,sboatera3@mit.edu,Bigender,959 Boyd Center
365,Kerstin Paliser,607-334-9081,kpalisera4@mozilla.com,Female,5791 Little Fleur Alley
366,Aggie Devitt,607-591-1039,adevitta5@rediff.com,Male,237 Homewood Park
367,Berkeley Sidary,702-653-1711,bsidarya6@cdbaby.com,Female,9345 Grasskamp Alley
368,Bonny Cutajar,991-517-7376,bcutajara7@google.com,Female,5857 Mallory Street
369,Brit Ibbeson,808-763-8745,bibbesona8@github.io,Female,79 Ilene Circle
370,Norton Yosselevitch,526-294-2028,nyosselevitcha9@bbb.org,Female,67 Eastwood Place
371,Rhianna Mee,990-414-1418,rmeeaa@google.com.au,Female,095 Fulton Lane
372,Townsend Ganny,987-329-2721,tgannyab@mozilla.com,Female,8909 Red Cloud Drive
373,Sashenka Champe,809-356-8457,schampeac@usda.gov,Female,68 Northport Point
374,Rollin Lowndes,719-379-2452,,Genderqueer,69358 Everett Alley
375,Shepherd Fost,805-521-2373,sfostae@bbc.co.uk,Male,4015 Fisk Point
376,Joel Berryann,479-727-1725,jberryannaf@walmart.com,Female,93332 Derek Terrace
377,Robb Stuther,267-396-1215,,Male,865 Express Lane
378,Harry Gadsden,805-150-3284,hgadsdenah@friendfeed.com,Female,4566 Kinsman Alley
379,Muhammad Clemencon,340-366-9830,mclemenconai@wsj.com,Male,
380,Kassandra Jamson,686-740-1589,kjamsonaj@answers.com,Female,95 Farwell Junction
381,Abraham Coopper,751-674-3974,acoopperak@wikia.com,Male,210 Barby Junction
382,Shaw Trengove,665-890-3581,,Female,5220 Fairview Circle
383,Aleece Kingsley,420-681-2137,akingsleyam@reverbnation.com,Female,1 Mosinee Drive
384,Brook Hopewell,102-235-6940,,Female,54 Lindbergh Way
385,Ana Lemary,937-384-5155,alemaryao@google.ru,Bigender,7067 Kinsman Circle
386,Daffie Gadsdon,712-150-1161,dgadsdonap@wordpress.com,Female,187 Toban Circle
387,Michaeline Isson,250-291-7476,missonaq@ow.ly,Female,74 Eagle Crest Crossing
388,Farah Castleton,895-989-4692,fcastletonar@chicagotribune.com,Male,0982 Ronald Regan Pass
389,Hanan Mendus,180-794-7565,hmendusas@jimdo.com,Male,0 Carioca Road
390,Grover Schultes,233-700-5458,gschultesat@nps.gov,Male,17355 Green Avenue
391,Deni Cottey,366-136-2744,dcotteyau@furl.net,Male,320 Fisk Hill
392,Jyoti Bidnall,125-888-0214,jbidnallav@goo.ne.jp,Female,255 Claremont Parkway
393,Gav Emor,897-958-9997,,Female,186 Homewood Parkway
394,Carrie Gunter,534-469-4540,cgunterax@imgur.com,Male,20 Hooker Lane
395,Molly MacMurray,866-126-4429,mmacmurrayay@springer.com,Female,7133 Sloan Lane
396,Charisse Saltmarsh,803-269-4216,csaltmarshaz@angelfire.com,Agender,24304 Service Center
397,Gordie Cluff,910-245-5497,gcluffb0@gravatar.com,Female,1 Kingsford Center
398,Christina Novichenko,249-706-4406,cnovichenkob1@chronoengine.com,Female,738 Esker Way
399,Cosetta Gaskell,422-511-4956,cgaskellb2@dagondesign.com,Non-binary,5 Jay Center
400,Manuel Hassent,384-676-9312,mhassentb3@slate.com,Female,82 Corry Street
401,Patrizio Jorck,671-746-7260,pjorckb4@qq.com,Male,2500 Oriole Drive
402,Eberto Robecon,591-686-1810,erobeconb5@tripod.com,Male,37 Oxford Terrace
403,Rube Taysbil,629-242-6007,rtaysbilb6@fema.gov,Polygender,48 Eastlawn Pass
404,Esta Mabbe,953-197-1194,emabbeb7@ezinearticles.com,Male,3689 Cambridge Drive
405,Aubine Doerr,128-959-3508,adoerrb8@stumbleupon.com,Female,41 Ridgeview Pass
406,Schuyler Bucknell,825-402-1359,sbucknellb9@typepad.com,Male,00226 Bayside Street
407,Cammy Veart,305-596-4858,cveartba@a8.net,,9308 Wayridge Circle
408,Brenden Longmate,642-622-1763,blongmatebb@indiatimes.com,Male,33 Corben Road
409,Cherianne Stove,763-710-3252,cstovebc@fda.gov,Male,1 Glendale Junction
410,Dollie Edler,664-464-7366,dedlerbd@sun.com,Non-binary,896 Esch Junction
411,Skelly Spinola,740-642-1825,sspinolabe@blogger.com,Male,95 Dapin Avenue
412,Hersh Chaise,507-920-7908,hchaisebf@acquirethisname.com,Female,437 Mariners Cove Junction
413,Obie Lannon,994-604-9030,olannonbg@goodreads.com,Female,
414,Chelsie Birt,990-568-8697,cbirtbh@webeden.co.uk,Polygender,46016 Sloan Junction
415,Thorndike Sket,574-771-1469,tsketbi@bing.com,Male,619 Farmco Road
416,Meryl Colleton,851-287-1363,mcolletonbj@state.tx.us,Male,6 Sutherland Avenue
417,Yvon Darkin,868-274-7657,ydarkinbk@bing.com,Non-binary,89 Stoughton Pass
418,Kenn Duffit,107-603-1924,kduffitbl@unicef.org,Female,220 Cambridge Court
419,Rona Challiner,543-887-3761,rchallinerbm@naver.com,Male,9 Maple Center
420,Erich Beardsell,906-373-8415,ebeardsellbn@yale.edu,Female,31773 Karstens Plaza
421,Dallas Matthai,387-605-0416,dmatthaibo@salon.com,Male,7 Cambridge Center
422,Wells Argile,395-220-1887,,Female,0 Spohn Circle
423,Lanna Wozencroft,113-276-8108,lwozencroftbq@dedecms.com,Male,15827 Mallory Center
424,Lianna Bonnette,715-352-2637,lbonnettebr@discovery.com,Male,66774 La Follette Alley
425,Malena Kibby,254-920-2370,mkibbybs@issuu.com,Female,098 Hoepker Center
426,Yehudit O'Corr,121-366-2856,yocorrbt@zdnet.com,Male,2 Barnett Way
427,Helsa Breewood,509-400-2985,hbreewoodbu@bizjournals.com,Male,40919 Macpherson Center
428,Mair Berrygun,642-261-1570,mberrygunbv@alibaba.com,Female,9791 Anderson Court
429,Clare Finn,638-428-9522,cfinnbw@psu.edu,Male,7 Hollow Ridge Parkway
430,Claus Hadleigh,602-505-6936,chadleighbx@reuters.com,Male,93 Mayer Street
431,Cherish Minci,313-463-9639,cminciby@google.ca,Male,9 Randy Circle
432,Del Furmston,269-187-4228,dfurmstonbz@blinklist.com,Male,4512 Corry Parkway
433,Blane Mynard,793-360-1887,bmynardc0@accuweather.com,Female,
434,Kathleen O'Fogarty,293-405-1135,kofogartyc1@lulu.com,Male,28 Lotheville Center
435,Denny Raiker,911-915-3971,draikerc2@furl.net,Polygender,39 Corscot Center
436,Tripp Grece,497-824-0974,tgrecec3@independent.co.uk,,3414 Milwaukee Place
437,Serena Geary,774-646-9086,sgearyc4@trellian.com,Male,6600 Forest Lane
438,Janene Okroy,363-223-8122,,Male,
439,Rog Blowers,122-734-5544,,Female,48156 Cordelia Place
440,Joanna Gainsbury,105-208-1293,jgainsburyc7@photobucket.com,Male,38 Paget Avenue
441,Karna Knutton,862-785-8202,kknuttonc8@friendfeed.com,Female,69974 Reindahl Road
442,Melosa Longman,975-959-0045,mlongmanc9@uol.com.br,Agender,296 Charing Cross Plaza
443,Tobye Jenno,588-793-4900,tjennoca@issuu.com,Female,0019 Mallory Crossing
444,Trix Tudor,190-359-1850,ttudorcb@reuters.com,Male,83 Veith Point
445,Rebe Nast,623-394-6918,rnastcc@shop-pro.jp,Female,623 Sunfield Court
446,Etienne Duester,558-475-6160,eduestercd@huffingtonpost.com,Female,814 Sauthoff Parkway
447,Gwen Weddeburn,379-744-7030,gweddeburnce@vinaora.com,Female,3958 Rockefeller Crossing
448,Elyse Perigeaux,191-171-7124,eperigeauxcf@huffingtonpost.com,Female,578 Service Parkway
449,Sandi Perago,147-727-5795,speragocg@mac.com,Female,554 Tomscot Point
450,Roosevelt Crimin,915-605-9942,rcriminch@ezinearticles.com,Female,35 Grim Point
451,Sebastiano Gentle,319-793-8191,,Female,64828 Meadow Vale Junction
452,Mikaela Howison,822-237-5037,mhowisoncj@bloglines.com,Female,9009 Jenna Road
453,Salaidh Gerritsma,643-196-8417,sgerritsmack@i2i.jp,Female,008 Anthes Way
454,Mable Eustice,473-104-0772,meusticecl@ovh.net,Female,303 Thompson Parkway
455,Katerine Mathewes,122-613-5084,kmathewescm@prweb.com,,5605 Melrose Way
456,Hayes Peckham,960-542-3527,hpeckhamcn@csmonitor.com,Male,28 Farragut Plaza
457,Priscella Aspland,524-635-9278,pasplandco@usgs.gov,Male,5622 Warbler Pass
458,Rakel Shreeves,719-555-7392,rshreevescp@twitpic.com,Male,21 Bunting Alley
459,Agatha Perrygo,471-275-8111,aperrygocq@gnu.org,Male,989 Washington Plaza
460,Hadria Yoseloff,619-350-8347,hyoseloffcr@nyu.edu,Female,08 Reindahl Court
461,Shellysheldon Saffrin,419-394-6140,ssaffrincs@patch.com,Male,6291 Macpherson Point
462,Yolanthe Dearlove,649-147-8398,ydearlovect@rediff.com,Male,10830 Troy Way
463,Leeland Kintzel,834-683-9770,lkintzelcu@youtu.be,Non-binary,1170 Helena Road
464,Cass Willgoss,807-556-2179,cwillgosscv@time.com,Male,4 Bartelt Trail
465,Evangeline Rittmeyer,636-206-8485,erittmeyercw@flavors.me,Male,0 Blue Bill Park Junction
466,Terence Mordacai,120-745-4923,tmordacaicx@fastcompany.com,Female,8984 8th Street
467,Danny Van der Kruis,815-889-3302,dvancy@nsw.gov.au,Male,
468,Jared Vink,756-238-0362,jvinkcz@theguardian.com,Male,6 Little Fleur Center
469,Hieronymus Vedekhov,145-653-8471,hvedekhovd0@free.fr,Male,17876 Gale Point
470,Maurie De Banke,821-726-7383,,Female,1 Cherokee Trail
471,Jerri Sillett,616-117-3294,jsillettd2@cnet.com,Female,7 Elka Park
472,Fancie Wintle,163-718-4627,fwintled3@oaic.gov.au,Female,6019 Old Gate Avenue
473,Gweneth Wrettum,974-350-9133,gwrettumd4@usgs.gov,Male,211 Maywood Terrace
474,Orrin Zukierman,982-864-7496,ozukiermand5@youtube.com,Bigender,
475,Gregoire Dockrell,201-748-3478,gdockrelld6@vistaprint.com,Female,20050 Nelson Plaza
476,Gabrila Quarrie,823-513-0882,gquarried7@soundcloud.com,Male,7263 Hooker Terrace
477,Nathanael Grishanov,528-336-0497,ngrishanovd8@bloglines.com,Male,6586 Summit Parkway
478,Burg Ferriby,233-172-4561,bferribyd9@slashdot.org,Male,75 Eagle Crest Crossing
479,Germayne Mongain,259-869-3946,,Female,62558 Thackeray Lane
480,Ally Halpine,665-329-5688,ahalpinedb@wordpress.com,Male,
481,Sayre Bugdall,600-110-6202,,Female,245 South Alley
482,Powell Fellow,764-309-8642,pfellowdd@twitter.com,Male,00560 Shopko Avenue
483,Janie Wannell,109-365-0775,jwannellde@topsy.com,Female,8460 Pawling Road
484,Roseline McCroary,289-219-4159,rmccroarydf@cbc.ca,Female,3 Lien Point
485,Sheffy Kempstone,845-258-1780,skempstonedg@businesswire.com,Male,8564 Fairfield Court
486,Irvin Skillanders,146-713-9348,iskillandersdh@ocn.ne.jp,Female,83 Menomonie Center
487,Rycca Edwick,840-505-9846,redwickdi@cdbaby.com,Female,617 Forest Run Pass
488,Tallia MacDermand,562-251-5372,tmacdermanddj@oakley.com,Female,2 Charing Cross Court
489,Richard Winkle,152-960-3642,rwinkledk@ed.gov,Male,
490,Em Von Welden,601-564-0467,evondl@digg.com,Male,91215 Texas Road
491,Karlik McQuillin,650-465-4193,kmcquillindm@purevolume.com,Female,62 Dovetail Parkway
492,Elonore Bonnick,976-188-3621,ebonnickdn@sphinn.com,Female,0513 Bunting Street
493,Pebrook Kitchen,192-900-0950,pkitchendo@sciencedirect.com,Male,26 Scoville Road
494,Darby Dafforne,197-399-8594,ddaffornedp@ameblo.jp,Female,
495,Percival Andrag,808-922-8862,pandragdq@spotify.com,Female,6928 Park Meadow Terrace
496,Antonie Kinnett,110-887-4229,akinnettdr@ycombinator.com,Female,813 Eggendart Street
497,Jaquelin Murfill,715-192-9807,,Female,90 Hagan Road
498,Godfree MacKeever,664-759-1538,gmackeeverdt@theglobeandmail.com,Male,20 Mifflin Drive
499,Anna-maria Mongain,429-522-2155,amongaindu@sun.com,Female,4 Lighthouse Bay Center
500,Ronica Harse,413-711-6964,rharsedv@pen.io,Male,982 Warner Way
501,Charles Wakeman,605-533-7629,cwakemandw@mashable.com,Male,8 Pond Pass
502,Hildy Peddel,487-534-3751,hpeddeldx@diigo.com,Agender,0 Bluejay Way
503,Bee Gillivrie,373-384-2017,bgillivriedy@princeton.edu,Male,4 Talmadge Place
504,Lodovico Antoni,189-624-6387,lantonidz@blog.com,Female,988 Bowman Way
505,Brooks Devitt,464-383-6470,bdevitte0@rediff.com,Male,8524 Bonner Point
506,Federico Mc Andrew,392-239-5988,fmce1@live.com,Male,330 Prentice Parkway
507,Kiel Orange,273-370-0963,korangee2@telegraph.co.uk,Agender,51 Bunker Hill Center
508,Moises Muro,793-887-4127,mmuroe3@disqus.com,Male,162 Helena Street
509,Garrek Laurant,146-831-9284,glaurante4@vkontakte.ru,Female,58 Longview Street
510,Giordano Hanvey,907-285-4734,ghanveye5@a8.net,Female,259 Harper Point
511,Avis Barlie,774-565-7375,abarliee6@uol.com.br,Genderqueer,102 Mayer Junction
512,Junie Basden,198-740-3901,jbasdene7@odnoklassniki.ru,,8072 Donald Court
513,Cathyleen Ziehm,379-986-6496,cziehme8@oracle.com,Female,85 Northport Avenue
514,Kaleena Orr,466-400-0609,,Female,261 Kings Point
515,Hildagarde Bussens,584-364-8373,hbussensea@archive.org,Female,2 Schurz Place
516,Ritchie Maly,626-616-5668,rmalyeb@51.la,Male,99 Vernon Street
517,Teddie Mugg,592-220-0534,tmuggec@sitemeter.com,,2822 Upham Street
518,Melinda Mea,407-498-3949,mmeaed@ca.gov,Female,48 Clarendon Park
519,Husain Layzell,459-322-6588,hlayzellee@people.com.cn,Female,0 Elgar Alley
520,Tybalt Villa,791-365-5673,tvillaef@buzzfeed.com,Male,2691 Anniversary Way
521,Budd Baddiley,502-315-3990,bbaddileyeg@blogs.com,Male,73132 Elgar Hill
522,Cassie Keep,792-571-7141,ckeepeh@google.com.br,Female,451 5th Circle
523,Sonya Slocumb,863-147-2764,,Male,53598 Homewood Junction
524,Pierson But,685-101-8912,pbutej@mashable.com,Male,5 David Plaza
525,Vinita Ondrasek,170-522-1378,vondrasekek@t-online.de,Male,94 Columbus Pass
526,Brodie Diegan,769-268-4058,bdieganel@springer.com,Female,92 Anzinger Pass
527,De Brimilcome,647-920-0979,dbrimilcomeem@livejournal.com,Female,7416 Transport Way
528,Saul Beadles,550-491-3063,sbeadlesen@redcross.org,Female,483 Havey Pass
529,Orella Colgan,700-215-0871,ocolganeo@lycos.com,Male,75 Browning Center
530,Dorian Trevorrow,700-204-8460,dtrevorrowep@rediff.com,Female,88 South Street
531,Gibbie Vinter,699-542-6414,gvintereq@usnews.com,Male,79644 Lotheville Trail
532,Jobie Woodwin,557-919-3374,jwoodwiner@g.co,Male,769 Farwell Crossing
533,Lyndy Wartonby,455-425-0816,,Polygender,9008 Union Hill
534,Juliana Croydon,237-854-2358,jcroydonet@linkedin.com,Female,77370 Eggendart Terrace
535,Malvina Marushak,100-688-1334,mmarushakeu@globo.com,Female,9 Morning Avenue
536,Jacobo Braunlein,779-903-9003,jbraunleinev@com.com,Male,708 Rusk Point
537,Almeta Brandom,234-489-8717,abrandomew@whitehouse.gov,Non-binary,545 Colorado Lane
538,Luke Shorbrook,154-236-2741,lshorbrookex@hibu.com,Female,5713 Fairfield Pass
539,Antin Crosfeld,330-949-0622,acrosfeldey@blogspot.com,Female,75097 Corry Drive
540,Danice Julien,813-506-4538,djulienez@so-net.ne.jp,,46235 Merrick Center
541,Reube Weathey,737-747-9567,rweatheyf0@themeforest.net,Female,268 Forest Run Parkway
542,Claudell Beare,716-879-4732,cbearef1@naver.com,Female,94 Grayhawk Way
543,Jarrod Tuite,136-172-1573,jtuitef2@xing.com,Polygender,2 Mallory Parkway
544,Jeramey MacKill,237-511-2494,jmackillf3@amazon.com,,40 6th Lane
545,Michel Faulder,871-428-2272,mfaulderf4@addtoany.com,Male,165 Sutherland Parkway
546,Silvana Fozard,157-888-8456,,Agender,
547,Welch Trumper,922-483-4571,,Male,7185 Carberry Trail
548,Maryrose Elwill,619-992-5553,,Male,425 Golf View Center
549,Debora Storks,281-999-8689,dstorksf8@trellian.com,Female,6823 Twin Pines Place
550,Gustav Hatherall,834-687-2087,ghatherallf9@dion.ne.jp,Bigender,060 Dunning Court
551,Storm Joye,514-515-5852,,Female,3 Donald Parkway
552,Alfred Langman,629-485-0822,alangmanfb@jimdo.com,Female,1 Burning Wood Court
553,Tan Mc Caghan,634-457-8496,tmcfc@networkadvertising.org,Non-binary,1 Bluestem Parkway
554,Pren Minto,659-749-4394,pmintofd@i2i.jp,Male,8196 Banding Hill
555,Roseanna Saltrese,216-561-6499,rsaltresefe@bloomberg.com,Male,158 Kenwood Park
556,Brandy Clemow,847-530-5806,bclemowff@live.com,Female,4254 Eagle Crest Alley
557,Mable Tineman,559-461-2562,mtinemanfg@phpbb.com,Male,780 Buhler Crossing
558,Fifi Whetland,500-489-2066,fwhetlandfh@prnewswire.com,Female,30 Mccormick Park
559,Salem Fowlds,147-700-0116,sfowldsfi@latimes.com,Female,0029 Portage Place
560,Kalina Fullerton,853-967-4654,kfullertonfj@symantec.com,Male,
561,Vasilis Chippendale,308-546-8548,vchippendalefk@fotki.com,Female,
562,Lenora Shaplin,325-943-4547,lshaplinfl@cyberchimps.com,Female,503 Schlimgen Alley
563,Alverta Honacker,638-452-0632,,Female,653 International Park
564,Knox Wiz,403-931-3000,kwizfn@myspace.com,Female,8233 6th Lane
565,Clea Densham,567-719-5427,cdenshamfo@de.vu,Male,0 Reindahl Center
566,Teirtza Elmhirst,989-636-2648,telmhirstfp@nbcnews.com,Female,27812 Farragut Avenue
567,Latia Sheryn,424-419-9562,lsherynfq@rambler.ru,Female,5 Fisk Parkway
568,Harv Dumphy,986-676-2864,hdumphyfr@who.int,Male,435 American Ash Court
569,Darryl Larciere,152-939-9942,dlarcierefs@fda.gov,Female,800 Maywood Junction
570,Alleyn Nutbeem,568-404-5099,anutbeemft@gizmodo.com,Female,85 Dayton Junction
571,Liliane Beviss,196-492-1097,lbevissfu@blogspot.com,Male,84451 Coleman Junction
572,Zola Blindermann,183-577-7717,zblindermannfv@hibu.com,Male,81 Amoth Plaza
573,Boniface Tellenbach,813-156-2840,btellenbachfw@google.ca,Female,4550 Bay Parkway
574,Janeen Stead,450-496-1069,jsteadfx@ftc.gov,Female,
575,Joyous Broadberry,271-185-7326,jbroadberryfy@ibm.com,Male,08 Katie Junction
576,Jillayne Colquhoun,117-631-2232,jcolquhounfz@sciencedaily.com,Female,2027 Rowland Crossing
577,Alfie Alliband,642-238-0053,aallibandg0@ehow.com,Male,0516 Hudson Pass
578,Beck de Werk,460-195-7374,bdeg1@over-blog.com,Female,5307 Lakewood Gardens Point
579,Roseline Durnan,614-639-2659,rdurnang2@yellowpages.com,Male,63931 Toban Terrace
580,Genevra Iacofo,307-113-5262,,Male,19 Milwaukee Alley
581,Phil Lyfield,262-487-9240,plyfieldg4@utexas.edu,Female,37 Judy Place
582,Harrie Alphonso,132-684-5035,,Male,40 Prentice Hill
583,Adrienne Hazeley,899-662-4183,ahazeleyg6@deliciousdays.com,Male,910 Elgar Hill
584,Trey Pauler,668-809-0114,tpaulerg7@multiply.com,Female,400 2nd Way
585,Noelle Laise,192-665-4537,,Female,339 Schurz Park
586,Drucie Scaddon,560-993-7321,dscaddong9@ft.com,Female,242 Eggendart Junction
587,Vitoria Lapre,386-576-8506,vlaprega@hexun.com,Male,12 Jenna Street
588,Eden Schimmang,443-817-2653,eschimmanggb@newyorker.com,Genderfluid,2675 Kennedy Lane
589,Donia Matyas,376-512-7383,dmatyasgc@yolasite.com,Male,
590,Sunny Sebastian,907-724-8907,ssebastiangd@behance.net,,26 Surrey Court
591,Elizabet Nolleth,140-152-3105,enollethge@psu.edu,Male,1476 Steensland Lane
592,Edita Stallen,436-108-8112,estallengf@cnn.com,Male,8488 Hudson Place
593,Joby Bank,421-184-3828,jbankgg@liveinternet.ru,Male,0 Mallory Center
594,Trevar Darinton,149-263-4061,tdarintongh@google.cn,Male,32146 Vermont Center
595,Yves Larway,139-646-0406,,Male,62 7th Park
596,Javier MacFadzean,244-884-8407,jmacfadzeangj@deviantart.com,Male,49 Iowa Lane
597,Mack Simoens,215-568-5631,msimoensgk@printfriendly.com,,6397 Oak Plaza
598,Tani Hughman,948-895-2077,thughmangl@cisco.com,Male,02 Morning Way
599,Kayley Abadam,905-707-4507,kabadamgm@newyorker.com,Male,3 Bay Road
600,Herta Edlington,746-601-2699,hedlingtongn@storify.com,Polygender,10064 Forest Dale Crossing
601,Caria McSkeagan,374-714-4384,,Male,1 Butterfield Alley
602,Florence Broek,341-715-1223,fbroekgp@adobe.com,Male,
603,Jehu Poundford,557-551-1633,,Male,41 Duke Junction
604,Karlee Baguley,127-634-5095,kbaguleygr@oaic.gov.au,Polygender,0072 Rockefeller Drive
605,Shell Mence,995-927-6099,smencegs@chronoengine.com,Male,992 Goodland Circle
606,Ninon Ruckledge,306-826-6969,nruckledgegt@cafepress.com,Male,
607,Ric Schuster,941-680-5766,rschustergu@sohu.com,,7484 Troy Center
608,Pasquale Calken,499-790-6105,pcalkengv@samsung.com,Female,360 Barby Court
609,Alano Leeder,805-900-6149,aleedergw@so-net.ne.jp,Male,9 Ramsey Park
610,Tessa Abotson,514-559-6426,tabotsongx@google.com,Female,
611,Starla Hilldrup,740-658-7858,shilldrupgy@technorati.com,Male,14 Veith Center
612,Rozanne Meredyth,785-278-0221,rmeredythgz@google.co.jp,Male,2771 Fieldstone Park
613,Morgun Guinn,506-269-7322,mguinnh0@rambler.ru,Female,26 Miller Court
614,Murvyn Mellonby,971-954-8362,mmellonbyh1@yolasite.com,Female,
615,Reider Whapple,954-416-1565,rwhappleh2@google.co.jp,Male,48 Pierstorff Drive
616,Alvan Hutcheson,910-894-0163,,Male,6 Summerview Road
617,Howie Terron,273-956-5433,hterronh4@abc.net.au,Genderfluid,67995 Gina Court
618,Iorgo Weepers,906-502-5451,iweepersh5@addtoany.com,Male,9 Westend Place
619,Friedrick Sanches,283-858-6338,fsanchesh6@list-manage.com,Female,25973 Kenwood Avenue
620,Leoline Culcheth,603-640-9145,lculchethh7@hibu.com,Female,87561 Westend Parkway
621,Obadiah Synan,785-196-6408,osynanh8@a8.net,Agender,569 Jenifer Parkway
622,Lucien Meegan,156-970-3431,lmeeganh9@hao123.com,Male,7 Westport Alley
623,Kitty Batstone,565-210-6865,kbatstoneha@lycos.com,Female,1 Merrick Junction
624,Ophelia Guille,482-747-0407,oguillehb@bluehost.com,Female,4 Park Meadow Drive
625,Merla Ruselin,430-874-7390,mruselinhc@timesonline.co.uk,Agender,89573 Bartelt Park
626,Addy Fauguel,641-795-2367,afauguelhd@usnews.com,Genderqueer,0649 Memorial Road
627,Les Golden,808-691-4970,lgoldenhe@wikia.com,Agender,296 Hudson Avenue
628,Shell Le Monnier,960-696-9537,slehf@youtube.com,Female,7 2nd Road
629,Kilian Ragdale,987-174-7717,kragdalehg@hhs.gov,Female,16 Lien Plaza
630,Milli Warden,859-233-7816,mwardenhh@blogs.com,Male,8911 Heffernan Terrace
631,Lilith Benkhe,316-907-3009,lbenkhehi@virginia.edu,Female,35173 Anhalt Street
632,Chilton Snarie,638-306-3254,csnariehj@homestead.com,Male,655 Cascade Point
633,Mitchael Steven,895-690-3331,,Male,98 Chinook Junction
634,Cassie Noice,783-607-6796,,Male,8398 Oak Valley Place
635,Richmond Dignall,150-988-4159,rdignallhm@alibaba.com,Female,5 Golf Center
636,Lezley Pyper,584-558-1133,lpyperhn@examiner.com,Male,744 Shoshone Place
637,Raynell Tippett,643-175-6596,rtippettho@house.gov,Bigender,7360 Parkside Plaza
638,Maureen Rodda,957-681-9126,mroddahp@blogtalkradio.com,Male,2151 Elmside Court
639,Frannie McVaugh,189-711-9643,fmcvaughhq@angelfire.com,Female,65 Gina Point
640,Fraser Iacopo,720-193-3270,fiacopohr@nih.gov,Female,7 Jay Alley
641,Melodie Hollingshead,815-419-3737,mhollingsheadhs@wikispaces.com,Agender,5 Pankratz Way
642,Onfroi Lashmore,177-786-9161,,Female,8 Almo Plaza
643,Gilberta Simione,712-992-5503,gsimionehu@yolasite.com,Male,95107 Red Cloud Place
644,Lorianne Betz,458-140-5440,lbetzhv@wsj.com,Female,
645,Angelika Mitkov,997-135-5946,amitkovhw@google.ca,Female,5342 Karstens Terrace
646,Vania Bowen,409-865-5575,vbowenhx@aol.com,Female,22261 Pearson Terrace
647,Sollie Colbrun,188-822-3476,scolbrunhy@loc.gov,Genderfluid,5061 Schurz Hill
648,Cynthy Dillinton,667-786-3260,cdillintonhz@washington.edu,Polygender,397 School Pass
649,Garrick Tassell,238-777-9010,gtasselli0@ocn.ne.jp,Male,9 Mcguire Way
650,Skylar Corrett,687-119-1248,scorretti1@cisco.com,Female,10191 Westport Parkway
651,Allen Le Houx,877-238-2437,alei2@umich.edu,Female,395 Clove Plaza
652,Beniamino Lumb,290-744-3058,blumbi3@gov.uk,Male,99 Roth Pass
653,Donna Pembridge,374-181-2619,dpembridgei4@ifeng.com,Male,97307 Bonner Street
654,Nat Coulter,871-228-4026,ncoulteri5@yahoo.co.jp,Female,37845 Mifflin Parkway
655,Natassia Halversen,546-378-9797,nhalverseni6@wsj.com,,40 Lillian Terrace
656,Silvano Redwin,607-473-5537,sredwini7@exblog.jp,Female,43 Ohio Park
657,Catha Boater,766-573-4657,cboateri8@ycombinator.com,Male,76598 Melvin Junction
658,Manfred Caras,831-956-8366,mcarasi9@jalbum.net,Male,261 Grover Drive
659,Kameko Hayles,773-182-5410,khaylesia@acquirethisname.com,Female,040 Columbus Drive
660,Richmond Blabie,930-894-0081,,Female,28028 Kings Drive
661,Chicky Heape,174-559-1339,cheapeic@lulu.com,Female,418 Erie Plaza
662,Matias Lyford,620-385-5525,mlyfordid@alexa.com,Female,4648 Washington Junction
663,Shem Sheridan,680-387-2025,,Male,420 American Ash Drive
664,Kiele Yeell,152-201-6250,kyeellif@nbcnews.com,Female,09 Springs Lane
665,Mohammed Geerits,773-670-1824,mgeeritsig@stanford.edu,Female,815 Melrose Lane
666,Annabela Gumn,532-688-4054,agumnih@sfgate.com,Male,08528 Karstens Drive
667,Pierre Redmore,620-381-8596,predmoreii@google.ca,Male,96910 Manley Drive
668,Ag Golsthorp,823-815-7232,agolsthorpij@spiegel.de,Female,68248 Butternut Drive
669,Shanda Wozencroft,732-503-7420,swozencroftik@prlog.org,Female,8 Shasta Center
670,Torr Segrott,206-360-6399,tsegrottil@ucla.edu,Female,5 Judy Court
671,Ulrica Glasper,644-509-3424,uglasperim@vinaora.com,Male,623 Ridgeview Court
672,Jessa Oertzen,923-874-1364,joertzenin@diigo.com,Female,44544 Butterfield Street
673,Pepe Jerman,290-936-8391,pjermanio@irs.gov,Male,9223 Thierer Pass
674,Rick Horder,143-440-7236,rhorderip@4shared.com,Male,999 Center Court
675,Dela Ditts,655-150-8836,ddittsiq@businessinsider.com,Male,07 Hanover Street
676,Karl Zamorano,691-515-9269,kzamoranoir@sbwire.com,Male,17 Chinook Place
677,Domenico Fretson,360-539-4029,dfretsonis@yahoo.co.jp,Female,382 Logan Drive
678,Deanna MacNally,892-644-7601,dmacnallyit@ed.gov,Male,7 Tennyson Park
679,Stanislaw Kleinhaut,367-529-1170,skleinhautiu@livejournal.com,Female,12943 Killdeer Avenue
680,Kelsy Gascoyen,136-309-0228,kgascoyeniv@blogtalkradio.com,Female,9 Havey Center
681,Cacilie Rioch,518-684-1352,criochiw@sbwire.com,Male,9949 Melby Avenue
682,Walden Digges,659-135-6733,wdiggesix@prweb.com,Male,5 Dakota Crossing
683,Althea Portinari,748-166-4828,aportinariiy@360.cn,Female,8 Lakeland Hill
684,Nari Lamey,384-497-2283,nlameyiz@discuz.net,Male,5 Walton Hill
685,Daffy Di Maggio,265-123-1733,ddij0@epa.gov,Female,6730 Merrick Alley
686,Kaja Zecchetti,863-823-1266,kzecchettij1@chron.com,Female,30 Summit Point
687,Derek Simion,618-484-9277,dsimionj2@jimdo.com,Female,93935 Holmberg Place
688,Debbi Harlow,574-325-5744,dharlowj3@youtu.be,Male,461 Maywood Road
689,Therine Band,142-872-4220,tbandj4@home.pl,Non-binary,283 Judy Pass
690,Clarence Pavier,112-150-3555,cpavierj5@economist.com,Male,5 Cordelia Crossing
691,Mickey Brandsma,168-440-7927,,Female,93 Johnson Place
692,Audra Laurenceau,353-540-2846,alaurenceauj7@blogspot.com,Male,22055 Monument Way
693,Milty Sterte,990-692-5090,mstertej8@com.com,Bigender,8797 Cascade Hill
694,Jaye Brewis,339-875-2841,jbrewisj9@posterous.com,Female,165 Corben Street
695,Laraine Gregoire,942-250-5976,lgregoireja@phpbb.com,Female,953 Arrowood Plaza
696,Nananne Houtby,432-596-6986,nhoutbyjb@vk.com,Female,04 Northfield Junction
697,Eulalie O'Dowd,390-902-5218,eodowdjc@virginia.edu,Female,46 Delaware Park
698,Brandise Shields,730-970-4623,bshieldsjd@salon.com,Female,7 Grim Place
699,Ronica Fudger,308-297-4316,rfudgerje@washingtonpost.com,Female,9691 Northview Trail
700,Marlie Souttar,765-297-7244,msouttarjf@pcworld.com,Female,3 Eliot Parkway
701,Harmon Witheridge,543-929-9459,hwitheridgejg@princeton.edu,Female,64 Mccormick Park
702,Rafaelia Ivamy,115-656-1264,rivamyjh@google.co.uk,,12 Burning Wood Court
703,Gerri Ponting,140-483-9810,gpontingji@histats.com,Female,45 Northport Alley
704,Rolph Kenway,295-442-8982,rkenwayjj@technorati.com,Female,0172 Arkansas Junction
705,Beau Goldring,909-279-3991,bgoldringjk@sfgate.com,Male,37693 Stephen Road
706,Nicolas Dudden,562-372-5415,nduddenjl@va.gov,Male,55882 Marquette Park
707,Mack Gier,959-686-3312,mgierjm@telegraph.co.uk,Male,2086 Forest Place
708,Armstrong Clubb,790-962-7804,aclubbjn@imageshack.us,Female,45662 Claremont Court
709,Jennifer Edon,343-703-2019,jedonjo@patch.com,Male,17543 Merchant Trail
710,Hilda Spurge,124-422-5548,hspurgejp@studiopress.com,Female,98479 Schmedeman Street
711,Corrie O'Brollachain,813-279-9853,cobrollachainjq@weebly.com,Female,6 Armistice Drive
712,Nicki Dreng,417-625-8089,ndrengjr@xing.com,Male,78 Schlimgen Circle
713,Tedd Sloper,767-601-7887,tsloperjs@barnesandnoble.com,Polygender,7926 Vermont Crossing
714,Suzanne Cordeau],913-352-4791,scordeaujt@usatoday.com,Male,06271 Melby Street
715,Tyrone Cowterd,737-413-8855,tcowterdju@archive.org,Male,13 Colorado Pass
716,Lamond Manilow,599-818-1943,lmanilowjv@bing.com,Male,2319 Claremont Circle
717,Marney Pariss,947-269-2656,mparissjw@rakuten.co.jp,Male,04081 American Ash Trail
718,Mike Blunsum,526-200-4312,mblunsumjx@shinystat.com,Female,871 Blue Bill Park Crossing
719,Claribel Blackledge,100-979-4746,cblackledgejy@sourceforge.net,Female,12628 Elka Crossing
720,Roddie Pomfrey,593-779-3162,,Male,0572 Springview Court
721,Knox Dykins,518-626-9577,,Male,
722,Crystie Sharma,706-103-9405,csharmak1@seattletimes.com,Female,31118 Rockefeller Trail
723,Vonny Kidsley,334-464-4737,vkidsleyk2@artisteer.com,,52 Drewry Terrace
724,Laney Hawkin,482-915-1482,lhawkink3@bloglines.com,Female,51175 Fair Oaks Avenue
725,Eba Compford,904-238-0362,ecompfordk4@taobao.com,Female,9967 Oak Way
726,Katherine Poznan,787-980-2903,kpoznank5@mozilla.org,Male,28 Schiller Plaza
727,Harv Wathen,803-414-0445,hwathenk6@slate.com,Female,904 Cordelia Point
728,Ellwood Poolman,893-291-6536,epoolmank7@wufoo.com,Male,53192 Pine View Point
729,Saw Bowness,687-850-6455,sbownessk8@yandex.ru,Male,7085 Haas Road
730,Doria Suddick,356-163-4117,dsuddickk9@pinterest.com,Male,25111 Emmet Street
731,Kinna Lorne,304-441-7920,klorneka@slate.com,Female,1 Eliot Court
732,Matilde Pepon,561-376-6565,mpeponkb@amazon.com,Female,28096 Havey Avenue
733,Korie Chapelle,564-467-7506,,Male,67267 Sloan Drive
734,Susanna Ackeroyd,513-972-1146,sackeroydkd@booking.com,Female,00147 Village Green Trail
735,Gun Mansour,318-668-7229,gmansourke@deliciousdays.com,Male,47 Warner Street
736,Chickie Milward,360-384-0542,,Male,
737,Shaylynn Ocklin,979-793-8688,socklinkg@disqus.com,Female,624 Dwight Trail
738,Zita McCarrick,972-888-6362,,Male,12269 Haas Parkway
739,Abey Overy,489-234-2688,aoveryki@twitpic.com,Male,512 Parkside Alley
740,Candace Tuting,206-331-7576,ctutingkj@biblegateway.com,Female,7307 Larry Lane
741,Farrand Lowder,998-778-7155,flowderkk@biglobe.ne.jp,Male,7944 Chinook Crossing
742,Fredek Crickett,301-490-6096,fcrickettkl@furl.net,Male,0164 Logan Crossing
743,Arnaldo Jarritt,797-464-1208,ajarrittkm@php.net,Male,2831 Beilfuss Park
744,Florida Sporle,467-630-9963,fsporlekn@posterous.com,Male,39 Fisk Parkway
745,Anne-marie Beckitt,292-849-3958,abeckittko@360.cn,Non-binary,6115 Larry Place
746,Bendite Peizer,566-273-3189,bpeizerkp@google.com.br,Female,
747,Yardley Steffans,187-929-7600,ysteffanskq@oaic.gov.au,Female,
748,Corny Mechell,923-115-6564,cmechellkr@infoseek.co.jp,Genderfluid,72080 Oak Avenue
749,Koralle Djordjevic,792-127-8137,kdjordjevicks@kickstarter.com,Male,33388 Mcbride Road
750,Leonora Christoffe,187-703-7474,lchristoffekt@msn.com,Female,21152 Union Alley
751,Harley Dallewater,655-438-8238,hdallewaterku@yale.edu,Male,
752,Adorne Van der Kruis,642-807-6723,avankv@discovery.com,Female,075 Coolidge Point
753,Davita Costi,778-473-3503,dcostikw@nasa.gov,Female,67 Burning Wood Hill
754,Zechariah Lindenbluth,508-300-0774,zlindenbluthkx@soundcloud.com,Female,59768 Onsgard Drive
755,Jenny Twitchett,269-545-7399,jtwitchettky@microsoft.com,Male,57347 Oxford Avenue
756,Thornie Helgass,533-300-7644,thelgasskz@hibu.com,Female,59 Luster Circle
757,Jacquenette Mussington,287-271-0994,jmussingtonl0@google.it,Female,734 Killdeer Street
758,Yelena Turbitt,547-393-7152,yturbittl1@hexun.com,Female,9334 Rutledge Trail
759,Mella Speir,215-316-5170,mspeirl2@xinhuanet.com,Female,2918 Ridge Oak Crossing
760,Almeda Toms,718-374-5427,atomsl3@ucsd.edu,Female,32 Dennis Court
761,Candie Tandey,952-900-9113,ctandeyl4@mlb.com,Genderfluid,6129 Melvin Plaza
762,Burlie Cankett,997-101-6300,bcankettl5@360.cn,Female,5110 Washington Parkway
763,Jeramey Chessum,365-882-0524,jchessuml6@hao123.com,Female,57311 Sundown Crossing
764,Staffard Klejna,507-837-0970,sklejnal7@berkeley.edu,Female,28876 Dapin Circle
765,Dolli Bellord,956-568-2282,dbellordl8@sfgate.com,Male,1738 Fulton Avenue
766,Aloisia Omond,140-982-7186,aomondl9@wikispaces.com,Female,5123 Maple Court
767,Katerine Winn,697-929-0500,kwinnla@army.mil,Female,59 Sugar Hill
768,Blanch McConnachie,290-297-6241,bmcconnachielb@uiuc.edu,Male,08765 Towne Alley
769,Glad Steptoe,547-875-7908,gsteptoelc@istockphoto.com,Male,077 Stuart Hill
770,Fey Steels,671-209-2009,fsteelsld@arstechnica.com,Male,41619 Namekagon Drive
771,Rustie Rijkeseis,915-588-2608,,Male,28 Leroy Way
772,Erhard Custed,858-899-1887,ecustedlf@walmart.com,Male,062 Southridge Drive
773,Maire Luckes,603-219-1705,mluckeslg@usgs.gov,Female,4 Sutteridge Junction
774,Mile Cancellieri,768-622-1302,mcancellierilh@ftc.gov,Female,
775,Jeddy Silbermann,689-536-1193,jsilbermannli@usa.gov,Male,71 Doe Crossing Circle
776,Shir Bounde,310-626-9691,sboundelj@e-recht24.de,Male,1779 International Alley
777,Merilee Blasing,166-570-3370,mblasinglk@xinhuanet.com,Male,23 Colorado Drive
778,Alexine Jurick,413-139-5551,ajurickll@histats.com,Male,420 Dottie Way
779,Daphene Attwill,448-197-9346,dattwilllm@wikipedia.org,Female,9 Meadow Ridge Circle
780,Nissie Pruce,622-577-6161,npruceln@i2i.jp,Female,48908 Montana Circle
781,Dyna Lowseley,189-117-7225,dlowseleylo@google.it,Male,17028 Burrows Alley
782,Ruby Cleever,382-226-9240,rcleeverlp@netlog.com,Female,464 Cherokee Place
783,Sergent Billett,861-279-0846,sbillettlq@hao123.com,Female,
784,Eryn Espinheira,840-357-3532,eespinheiralr@nydailynews.com,Female,777 Hansons Way
785,Coretta Beckey,934-832-9913,cbeckeyls@jugem.jp,Male,1 Summer Ridge Lane
786,Aeriela Gerbi,884-111-0288,agerbilt@blogspot.com,,55 Tomscot Park
787,Ermin Hebble,113-189-1731,ehebblelu@slate.com,Male,92425 Northport Parkway
788,Sheree Porch,934-647-0022,sporchlv@liveinternet.ru,Male,4 Raven Point
789,Nerte Karlik,153-497-7242,nkarliklw@so-net.ne.jp,Female,90 Ridgeview Street
790,Tobiah Banasik,674-208-0246,tbanasiklx@infoseek.co.jp,Male,03 Steensland Plaza
791,Jaquelin Swetenham,772-940-5740,jswetenhamly@rambler.ru,Female,3 Nelson Trail
792,Thornton Peert,916-262-3629,tpeertlz@columbia.edu,Female,3302 Little Fleur Pass
793,Jacquette Beteriss,307-392-2645,,Male,68196 Truax Circle
794,Elsa Merdew,860-103-1105,,Genderfluid,5447 Mayfield Junction
795,Hermon Thulborn,455-819-7328,,Female,83210 Delaware Hill
796,Clarita Gritsunov,771-449-4200,cgritsunovm3@dion.ne.jp,Female,401 Glacier Hill Alley
797,Calli Kenington,493-663-5058,ckeningtonm4@360.cn,Agender,050 Charing Cross Court
798,Marlane Brumhead,879-644-1563,mbrumheadm5@blogspot.com,Female,45 Sundown Lane
799,Gay Brockwell,384-116-0154,gbrockwellm6@mashable.com,Male,4128 Nova Terrace
800,Georgine Tudbald,570-115-9760,,Male,5530 Jay Alley
801,Darsie Russe,405-836-8072,drussem8@artisteer.com,Female,6937 Northport Avenue
802,Avictor Krabbe,970-478-5599,akrabbem9@cnet.com,Male,10329 Buell Terrace
803,Noel McGennis,533-429-6002,nmcgennisma@squarespace.com,Female,555 Holy Cross Drive
804,Carey MacGiolla,256-681-0421,cmacgiollamb@biglobe.ne.jp,Genderfluid,0 Iowa Hill
805,Nikola Scholer,646-101-3613,nscholermc@cnet.com,Male,958 Carioca Pass
806,Forbes Turk,807-300-8579,fturkmd@businesswire.com,Female,
807,Corry Dunkerley,599-620-6343,cdunkerleyme@fema.gov,Male,
808,Ulrike Rabl,919-902-7168,,Female,714 Haas Circle
809,Natalie Richardt,618-247-6064,nrichardtmg@a8.net,Female,81 Schlimgen Court
810,Lolly Monget,877-912-1538,lmongetmh@oracle.com,Polygender,0159 Rutledge Trail
811,April Waple,914-418-1191,awaplemi@tamu.edu,Male,86 Dennis Hill
812,Olivier Chadburn,449-454-1167,ochadburnmj@dailymotion.com,Male,
813,Sigvard Randerson,758-719-0047,srandersonmk@ovh.net,Male,7875 Fuller Plaza
814,Ellie Gunnell,704-595-9784,egunnellml@soup.io,Female,8699 Buena Vista Avenue
815,Reynolds Mandre,465-226-0211,rmandremm@va.gov,Male,293 1st Terrace
816,Doll Ohlsen,416-294-4734,dohlsenmn@arizona.edu,Female,
817,Beverlie Swann,160-119-0436,bswannmo@weebly.com,Female,2283 Loeprich Crossing
818,Edgard Lambeth,933-992-9937,elambethmp@illinois.edu,Male,0703 Mcguire Court
819,Ingelbert Millett,751-926-9799,imillettmq@technorati.com,,80617 Lawn Street
820,Jessee Delgado,797-252-9994,jdelgadomr@de.vu,Female,52 Lakewood Gardens Street
821,Dode Tapton,382-241-4833,dtaptonms@rakuten.co.jp,Female,8617 Trailsway Road
822,Lettie Double,580-964-0874,ldoublemt@comcast.net,Female,122 Debs Drive
823,Carleen Killingbeck,466-599-3740,ckillingbeckmu@1und1.de,,2864 Prairieview Way
824,Reeba Skunes,924-588-7455,rskunesmv@imageshack.us,Male,149 Melody Avenue
825,Winnah Blenkhorn,813-463-0348,wblenkhornmw@netscape.com,Male,968 Morning Hill
826,Conn Benner,390-958-5016,cbennermx@wikispaces.com,Female,2 Crowley Circle
827,Ede Cadigan,810-295-5102,ecadiganmy@illinois.edu,Female,721 8th Circle
828,Garrott Farmiloe,176-559-6897,gfarmiloemz@skyrock.com,Male,10164 Vidon Point
829,Jacinda Dyson,801-495-3060,,Male,7 Arapahoe Court
830,Claribel Scranny,891-501-2481,,Male,1073 Bonner Way
831,Bili Cubitt,963-498-1533,bcubittn2@meetup.com,Female,5 Sullivan Way
832,Dill Widdop,597-750-7671,,Male,75680 Valley Edge Center
833,Joey Indgs,290-725-7737,jindgsn4@amazon.de,Male,76287 Grayhawk Plaza
834,Sophey Bater,531-513-8341,sbatern5@yahoo.com,Female,1111 South Plaza
835,Odey Yanne,305-869-4735,oyannen6@youtube.com,,49616 Pine View Pass
836,Dinnie Mingame,889-738-5597,dmingamen7@techcrunch.com,Female,177 Lakewood Gardens Road
837,Hasheem Flipek,941-515-9225,hflipekn8@marriott.com,Male,350 Moose Hill
838,Tull Regglar,726-247-8288,tregglarn9@state.tx.us,Genderqueer,92 Scofield Way
839,Gwenny Sheen,881-442-5480,gsheenna@addthis.com,Female,67 Riverside Lane
840,Cami Capponeer,960-808-1754,ccapponeernb@nhs.uk,Female,4466 Stephen Drive
841,Tedman Grzegorek,531-110-6530,tgrzegoreknc@shop-pro.jp,Male,6 Jenna Drive
842,Hill Mines,505-738-8540,hminesnd@miibeian.gov.cn,Agender,539 Mayfield Court
843,Adan Klees,539-320-3354,akleesne@jugem.jp,Agender,4 Lotheville Drive
844,Rosina Challin,493-453-2463,rchallinnf@bloglovin.com,Female,9389 Drewry Point
845,Benyamin Rao,234-793-6308,braong@pagesperso-orange.fr,Female,0 Crescent Oaks Junction
846,Bentlee Heinschke,532-222-8336,bheinschkenh@springer.com,Genderqueer,83 Merrick Junction
847,Nanete Gwillyam,549-805-7805,ngwillyamni@people.com.cn,Female,95 Acker Way
848,Glyn Adamczewski,630-206-6213,gadamczewskinj@latimes.com,Male,31092 Ruskin Street
849,Gracia Guess,137-301-1357,gguessnk@nymag.com,Female,62648 Buhler Pass
850,Margareta McDonald,541-760-9200,mmcdonaldnl@ebay.com,Female,944 Granby Park
851,Lamar Heisham,951-137-0032,lheishamnm@boston.com,Male,3 Fieldstone Point
852,Guglielmo Bearne,510-827-1545,gbearnenn@timesonline.co.uk,Male,7979 Oak Valley Trail
853,Roma Eyre,375-591-8867,reyreno@creativecommons.org,Male,0438 Walton Terrace
854,Bob Hancell,139-928-1472,bhancellnp@geocities.jp,Female,899 Talisman Pass
855,Corbet Totman,573-714-9468,ctotmannq@buzzfeed.com,Female,9 La Follette Hill
856,Brendon Beaze,403-562-1998,bbeazenr@amazon.com,Female,65050 Di Loreto Alley
857,Barry Wellman,175-661-9132,bwellmanns@issuu.com,,61927 Dahle Place
858,Loraine Sutton,856-660-6045,lsuttonnt@vkontakte.ru,Female,570 Huxley Drive
859,Emmy Sissens,550-133-3903,esissensnu@opera.com,,21 Erie Hill
860,Abelard Sibbs,137-219-7714,asibbsnv@reverbnation.com,Female,16592 Northport Alley
861,Tabor Manson,245-959-6924,tmansonnw@google.es,Female,
862,Jerrilyn Adne,703-293-9247,jadnenx@nationalgeographic.com,Female,59 Erie Hill
863,Estella Smerdon,238-235-6588,esmerdonny@nymag.com,Male,7509 Mayer Way
864,Tanitansy Birts,475-440-2482,tbirtsnz@squidoo.com,Female,069 Crest Line Park
865,Samuel Steely,745-306-6812,ssteelyo0@washington.edu,Male,904 Parkside Circle
866,Farr Averill,175-611-5174,faverillo1@bing.com,,27 Helena Circle
867,Catharina Schooley,158-153-1408,cschooleyo2@elpais.com,Female,61 Merrick Court
868,Margareta Andres,627-724-7002,mandreso3@techcrunch.com,Male,714 Fisk Junction
869,Tiffani Stoffels,574-654-0154,tstoffelso4@arstechnica.com,Male,51118 Stuart Center
870,Vivianna Ruckert,263-243-3136,vruckerto5@gnu.org,Female,7898 Corben Street
871,Buffy Surgey,189-979-6839,bsurgeyo6@ca.gov,Male,0 Sutteridge Trail
872,Rogerio Kidds,469-678-6613,rkiddso7@wsj.com,Female,9 Novick Alley
873,Trenna Reditt,216-723-4490,treditto8@bing.com,Female,8 Division Drive
874,Boycey Langworthy,200-945-1262,blangworthyo9@globo.com,Male,4 Sachtjen Place
875,Temple Scurrah,678-352-8723,tscurrahoa@cmu.edu,Female,3678 Dovetail Place
876,Emalee Baggelley,997-137-0319,ebaggelleyob@moonfruit.com,Agender,07 Londonderry Street
877,Iona Simeoni,598-889-7215,isimeonioc@altervista.org,Male,908 Chinook Pass
878,Ailbert Gawthorp,609-936-6620,agawthorpod@live.com,Male,5 Monica Drive
879,Lorie Borrott,828-273-1597,lborrottoe@1688.com,Male,72 Blackbird Alley
880,Peter Klima,262-539-7964,pklimaof@photobucket.com,,373 Ronald Regan Terrace
881,Hurleigh Lune,310-388-8451,hluneog@guardian.co.uk,Male,8046 Dakota Street
882,Miller Yedall,930-454-2118,,Female,8899 4th Terrace
883,Mick Peasee,821-331-0724,mpeaseeoi@odnoklassniki.ru,Bigender,5 Drewry Crossing
884,Meghan Binyon,207-761-7405,mbinyonoj@freewebs.com,Female,42 Helena Parkway
885,Elvira Newlands,662-910-7174,enewlandsok@bizjournals.com,Female,5 Derek Drive
886,Bernardo Indge,937-474-7085,bindgeol@ucoz.com,Male,5 Pearson Junction
887,Guillema Fransinelli,869-514-7681,gfransinelliom@freewebs.com,Female,787 Schiller Center
888,Rafi Colly,438-778-6193,rcollyon@yelp.com,Female,41131 Main Place
889,Clemmy Chelley,695-478-9317,cchelleyoo@pbs.org,Female,7 Summit Way
890,Burnaby Meineking,347-733-9267,bmeinekingop@epa.gov,Female,4 Dryden Center
891,Ann Leadbeater,199-830-9207,aleadbeateroq@princeton.edu,Male,199 Pankratz Circle
892,Stephen Reinhard,862-725-2250,sreinhardor@dmoz.org,Male,983 Lerdahl Center
893,Web Ruffey,172-193-6988,wruffeyos@yelp.com,Male,
894,Vail Meggison,702-767-6180,vmeggisonot@miibeian.gov.cn,Male,
895,Rowen Baress,853-864-8292,rbaressou@webeden.co.uk,Female,2266 4th Plaza
896,Beryle Elgram,648-504-9036,belgramov@kickstarter.com,Male,328 Riverside Parkway
897,Alexa Kemp,425-879-6689,akempow@apple.com,Female,7725 Mallory Street
898,Micky Pescud,296-642-0904,mpescudox@miitbeian.gov.cn,Genderqueer,0096 Arkansas Road
899,Yorgo Borsay,669-343-7192,yborsayoy@newyorker.com,Female,00855 Novick Pass
900,Ardenia Winchester,262-631-0499,awinchesteroz@jiathis.com,,39 Dottie Lane
901,Ivonne Edgworth,589-792-8839,iedgworthp0@fema.gov,Polygender,3 Lake View Alley
902,Malinda Forker,563-434-6939,mforkerp1@sun.com,Male,7975 Hazelcrest Place
903,Bobine Ellyatt,377-779-4801,bellyattp2@statcounter.com,Female,05 Kingsford Avenue
904,Dorris Enden,927-106-4951,dendenp3@shinystat.com,Male,761 Arapahoe Place
905,Sky Labbati,582-716-2069,slabbatip4@odnoklassniki.ru,Female,5675 Nevada Point
906,Ferdy Buswell,232-442-5557,fbuswellp5@ucoz.ru,Male,0729 Havey Drive
907,Avrit De Miranda,863-934-9631,adep6@prlog.org,Genderfluid,89554 International Lane
908,Shurlocke Goublier,967-723-0067,sgoublierp7@ibm.com,Female,1 Sachs Hill
909,Michal Witherop,422-836-7199,mwitheropp8@sourceforge.net,Male,984 Brown Road
910,Joete Livens,678-825-2543,jlivensp9@amazon.co.jp,Genderfluid,96 Tony Way
911,Cyrillus Green,213-243-1532,cgreenpa@toplist.cz,Female,74580 2nd Junction
912,Svend Petracco,828-905-2799,spetraccopb@drupal.org,Male,4 Luster Hill
913,Traci Drewe,839-636-7547,tdrewepc@amazon.de,Male,19 Bayside Circle
914,Fredia Nickell,746-120-9092,fnickellpd@ucoz.ru,Agender,8744 Petterle Parkway
915,Benny Pedden,792-454-2228,bpeddenpe@delicious.com,Female,35157 Stone Corner Pass
916,Germain de Voiels,242-576-1330,gdepf@army.mil,Bigender,3 Declaration Circle
917,Berk Hearty,129-144-0826,bheartypg@webs.com,Male,9 Park Meadow Alley
918,Gretta Richings,379-327-4892,grichingsph@yahoo.co.jp,Non-binary,9 Blaine Park
919,Cherry Limon,894-566-1639,climonpi@nymag.com,Female,
920,Emilia Dwyr,768-654-3499,edwyrpj@buzzfeed.com,Male,996 Schlimgen Way
921,Rayna Firsby,602-167-5628,rfirsbypk@irs.gov,Female,14272 Stoughton Park
922,Obadiah Dinning,108-558-3610,odinningpl@odnoklassniki.ru,Male,80 Dunning Plaza
923,Garnette Tortis,382-749-0672,gtortispm@lycos.com,Male,
924,Robena Faulo,134-258-8853,rfaulopn@blogtalkradio.com,Genderfluid,75519 Scofield Park
925,Bax Reinhard,476-118-3048,breinhardpo@163.com,Female,02 Banding Circle
926,Jed Hannond,957-806-1856,jhannondpp@bloomberg.com,Female,9 Graedel Point
927,Olivia Cattlow,963-484-9241,ocattlowpq@ibm.com,Female,7 Longview Center
928,Shea Storkes,601-822-0026,sstorkespr@furl.net,Female,09 Melby Pass
929,Dinnie Hum,515-140-3508,dhumps@wordpress.com,Female,5 Texas Junction
930,Bron Aysik,948-255-4658,baysikpt@ebay.com,Male,08604 Talisman Pass
931,Cullan Gouldthorp,652-380-5901,cgouldthorppu@drupal.org,Male,6418 Ryan Street
932,Hussein Fawdrie,259-483-7140,hfawdriepv@posterous.com,Male,1 Harper Way
933,Sibel Witherington,448-293-5869,switheringtonpw@spiegel.de,Male,4 Havey Hill
934,Alphonse Glading,243-978-8436,agladingpx@weibo.com,Female,
935,Elisha Mullenger,847-120-0603,emullengerpy@smugmug.com,Male,6759 Claremont Parkway
936,Josh Dowty,514-341-8861,jdowtypz@bloomberg.com,Male,8 Sunbrook Street
937,Marius Leyland,753-741-7135,mleylandq0@yahoo.com,Bigender,4062 Hooker Pass
938,Yves O'Luney,225-941-4221,yoluneyq1@alexa.com,Male,2 Debra Hill
939,Mischa Dumbrall,170-574-8495,mdumbrallq2@over-blog.com,Female,2 Portage Plaza
940,Esther McMains,219-597-3260,emcmainsq3@pcworld.com,Male,867 Center Center
941,Julio Bilbrooke,508-507-9789,,Male,6 4th Court
942,Dion Parrish,583-221-3556,,Female,9214 Monterey Hill
943,Shara Tippler,337-742-8813,,Male,28226 Eagle Crest Way
944,Ennis Hansley,736-510-9863,ehansleyq7@yandex.ru,Male,18 Buell Crossing
945,Sim Guare,706-654-4019,sguareq8@aol.com,Male,6798 Independence Crossing
946,Rafferty Adamovicz,772-347-7252,radamoviczq9@arstechnica.com,Female,419 Quincy Circle
947,Seka Mahomet,558-916-5896,smahometqa@cargocollective.com,Female,08 Golf Course Point
948,Shellie Winsor,129-461-6113,swinsorqb@noaa.gov,Male,25144 Brickson Park Circle
949,Georgeta Beldom,953-132-0770,gbeldomqc@rakuten.co.jp,Male,854 Fuller Circle
950,Cherey Beamand,515-857-3117,,Male,5464 Toban Trail
951,Elayne Hayden,142-714-1859,ehaydenqe@purevolume.com,Male,45 Springs Center
952,Colman Woodberry,269-844-3826,cwoodberryqf@toplist.cz,Agender,8761 5th Center
953,Georgianna Dockrill,370-713-2473,,Female,0561 Leroy Place
954,Sophia Comber,142-425-4941,scomberqh@statcounter.com,Male,209 Rockefeller Street
955,Loleta Chatenier,717-683-0451,lchatenierqi@miibeian.gov.cn,Female,69589 Wayridge Junction
956,Jo ann Jennaroy,589-141-6385,jannqj@networkadvertising.org,Male,3 Warner Trail
957,Ninetta Josephov,118-624-0481,njosephovqk@ihg.com,Bigender,8905 Troy Place
958,Mortimer Cornejo,679-801-5045,,Female,695 Badeau Avenue
959,Ward Bednell,654-761-5500,,Male,2848 Sage Point
960,Giovanni Plascott,350-225-6846,gplascottqn@java.com,Male,28 Cottonwood Plaza
961,Gilburt Witham,796-795-9635,gwithamqo@berkeley.edu,Female,18 Springs Place
962,Samaria Takle,895-821-7388,stakleqp@tripod.com,Female,199 Elka Drive
963,Ado Tedridge,992-119-5475,atedridgeqq@feedburner.com,Female,9989 Onsgard Parkway
964,Solly Scott,276-487-0330,sscottqr@360.cn,Male,066 Glacier Hill Lane
965,Larry Maynard,119-539-9949,lmaynardqs@reuters.com,Male,
966,Kimbra Cudbertson,318-410-5103,kcudbertsonqt@mlb.com,Male,88 Dawn Junction
967,Cynthea Halshaw,909-493-2220,chalshawqu@baidu.com,Female,25 Fieldstone Road
968,Chevy Marsie,222-736-5712,cmarsieqv@accuweather.com,Male,3735 Pearson Pass
969,Diane-marie Petkens,448-353-5531,dpetkensqw@unicef.org,Female,416 Burning Wood Way
970,Gare Golley,143-996-0115,ggolleyqx@wikispaces.com,Female,20635 Westport Point
971,Brig Ord,335-890-0030,bordqy@go.com,Bigender,3080 Canary Pass
972,Trevar Arrault,880-678-1652,tarraultqz@army.mil,Female,22 Norway Maple Court
973,Corrina Fansy,336-657-4806,cfansyr0@domainmarket.com,Male,092 Cardinal Place
974,Kirbee O'Nions,690-414-7474,konionsr1@freewebs.com,Male,9 Daystar Alley
975,Layton Shoubridge,922-488-1812,lshoubridger2@dmoz.org,Male,31 Novick Trail
976,Kelley Conradie,217-510-3074,kconradier3@npr.org,Polygender,877 Cherokee Crossing
977,Pauletta Cockran,616-784-7036,pcockranr4@google.com.br,Female,9 Karstens Court
978,Thain Attwater,255-133-5816,,Male,7 Namekagon Point
979,Dunstan Soaper,651-878-5409,dsoaperr6@eepurl.com,Non-binary,16665 Charing Cross Trail
980,Ginger Spini,637-226-8409,gspinir7@accuweather.com,Male,5 Katie Junction
981,Rhianon Ions,153-951-6102,rionsr8@ca.gov,Female,2 Twin Pines Circle
982,Vasily Tarbath,958-992-7926,vtarbathr9@1und1.de,,3527 Forest Street
983,Aksel Infante,691-119-6337,ainfantera@microsoft.com,Male,2 Mccormick Way
984,Ludwig Padilla,753-301-4397,lpadillarb@merriam-webster.com,Male,392 Fisk Plaza
985,Arden Cathie,804-179-2570,acathierc@myspace.com,Female,
986,Dionne Lynnitt,404-488-5257,,Female,523 Dovetail Road
987,Laughton Colwell,245-832-8884,lcolwellre@scientificamerican.com,Female,
988,Erie Legh,546-447-6203,eleghrf@guardian.co.uk,Male,5985 Waxwing Hill
989,Marven Shilston,652-610-9269,mshilstonrg@mozilla.com,Male,60917 Oxford Crossing
990,Gael Qualtro,937-123-3871,gqualtrorh@cocolog-nifty.com,Female,8489 Warbler Place
991,Myrlene Liversley,240-186-4492,mliversleyri@livejournal.com,Male,1 Forest Pass
992,Randell Decourt,707-148-7782,rdecourtrj@bigcartel.com,,25 Shelley Avenue
993,Si Kimbling,398-508-2350,skimblingrk@typepad.com,Polygender,40320 Old Shore Plaza
994,Ethelyn Duker,143-697-2862,edukerrl@mail.ru,Female,0776 Spohn Trail
995,Junie Alam,380-905-7630,jalamrm@washingtonpost.com,Female,1 Columbus Place
996,Alvira Ledster,331-960-8173,aledsterrn@boston.com,Agender,76 Transport Lane
997,Ursuline Perkis,365-494-0524,uperkisro@answers.com,Male,905 Corscot Place
998,Penelope Clausius,804-634-8646,pclausiusrp@exblog.jp,Female,70952 Sutherland Junction
999,Farr Hoston,963-411-9564,fhostonrq@kickstarter.com,Female,1738 Dennis Lane
1000,Abbye Philps,595-973-9506,aphilpsrr@blinklist.com,Female,1495 Grasskamp Avenue
